,RKNE_x,RKNE_y,RANK_x,RANK_y,RD3M_x,RD3M_y,RD1M_x,RD1M_y,RHLX_x,RHLX_y
0,118.01949310302734,108.83394622802734,107.1994400024414,352.2037353515625,104.90586853027344,415.9297180175781,130.8572998046875,407.2135314941406,134.33457946777344,419.3616943359375
1,118.01949310302734,108.83394622802734,107.1994400024414,352.5700378417969,105.317626953125,415.9297180175781,130.8572998046875,407.2135314941406,134.33457946777344,419.3616943359375
2,118.01949310302734,108.83394622802734,107.42732238769533,352.6524963378906,105.317626953125,415.9297180175781,130.8572998046875,407.2135314941406,134.33457946777344,419.3616943359375
3,117.3802261352539,108.47010040283205,107.42732238769533,352.5700378417969,104.93487548828124,415.4556579589844,130.4534454345703,405.9977722167969,133.48048400878906,417.8067932128906
4,117.101318359375,107.67728424072266,107.42732238769533,352.5700378417969,104.93487548828124,415.2764587402344,129.5859375,405.1587829589844,132.4067840576172,416.790283203125
5,116.74959564208984,106.48538970947266,107.90007781982422,352.5155639648437,104.94255828857422,415.2764587402344,129.31947326660156,404.2951354980469,132.15826416015625,415.7625122070313
6,116.73035430908205,105.35353088378906,107.90007781982422,352.33642578125,104.93487548828124,415.2764587402344,129.31858825683594,403.9517517089844,131.8351287841797,414.8484497070313
7,116.65853881835938,105.16016387939452,107.90007781982422,352.25762939453125,104.92220306396484,415.3918151855469,129.13758850097656,403.9494018554688,131.71536254882812,414.8189392089844
8,116.65853881835938,104.83687591552734,107.40470123291016,352.1391296386719,104.7723159790039,415.3918151855469,128.6890106201172,403.7420043945313,131.19329833984375,414.7519836425781
9,116.65853881835938,104.8263702392578,107.20133209228516,352.0965881347656,104.67326354980467,415.3918151855469,128.41073608398438,403.3521423339844,131.18983459472656,414.0905456542969
10,117.15839385986328,104.8263702392578,107.1608428955078,351.60272216796875,104.58506774902344,415.2645568847656,128.3921356201172,403.2759094238281,131.14166259765625,413.8852233886719
11,117.3524169921875,104.8263702392578,107.02742004394533,351.60272216796875,104.57086944580078,415.2645568847656,128.2965545654297,403.2759094238281,131.0985107421875,413.8852233886719
12,117.58529663085938,104.83393096923828,107.02742004394533,351.60272216796875,104.4740219116211,415.2645568847656,128.25518798828125,403.2759094238281,130.95077514648438,413.8852233886719
13,117.6173095703125,105.31161499023438,106.3969268798828,352.18438720703125,103.72441864013672,415.7072143554688,128.10910034179688,403.7908325195313,130.46868896484375,413.9668884277344
14,117.76268768310548,105.84410858154295,105.72673034667967,353.0351867675781,102.3858413696289,416.5013427734375,127.36408233642578,404.4508972167969,130.15771484375,414.5155029296875
15,117.85840606689452,106.24871826171876,105.4955596923828,353.3376159667969,101.99501037597656,417.1831970214844,127.16230010986328,405.29241943359375,130.07888793945312,415.2333068847656
16,118.0199737548828,107.0672378540039,105.40054321289062,353.5674743652344,101.94886779785156,418.0084533691406,127.1072998046875,405.9548034667969,129.91232299804688,415.853515625
17,118.03983306884766,108.02288818359376,105.31437683105467,353.642333984375,101.74956512451172,418.8100891113281,127.01435089111328,406.37933349609375,129.70672607421875,416.2522888183594
18,118.03983306884766,108.26044464111328,105.24308776855467,353.9176940917969,101.68346405029295,419.92376708984375,127.1072998046875,407.6784973144531,129.44163513183594,417.6432495117188
19,118.03983306884766,108.48971557617188,105.11014556884766,354.1808166503906,101.49215698242188,421.1275634765625,127.16230010986328,408.7679748535156,129.375732421875,419.0992431640625
20,117.96272277832033,109.46839904785156,105.11014556884766,355.59674072265625,101.49215698242188,423.2762145996094,128.07708740234375,411.05316162109375,129.375732421875,421.8478393554688
21,117.21248626708984,110.2026596069336,105.0346450805664,355.7664794921875,101.49215698242188,423.8844604492188,128.07708740234375,413.0067138671875,129.375732421875,423.5677185058594
22,116.85921478271484,111.11344146728516,104.99917602539062,356.9244079589844,101.93792724609376,424.1862182617188,128.07708740234375,413.2335815429688,129.5980987548828,424.2189331054688
23,116.51985931396484,111.23538970947266,104.69459533691406,357.6162109375,101.96219635009766,424.2830200195313,128.08763122558594,413.3940124511719,129.8201904296875,424.2189331054688
24,116.19833374023438,111.37725830078124,104.69459533691406,357.6162109375,101.9738311767578,424.2830200195313,128.0701141357422,413.3940124511719,129.88494873046875,424.2189331054688
25,116.06790924072266,111.37725830078124,104.69459533691406,357.6162109375,101.9738311767578,424.2830200195313,128.0701141357422,413.2409362792969,130.24205017089844,424.19140625
26,115.87589263916016,111.44835662841795,104.7292709350586,357.5644836425781,101.93792724609376,424.2263793945313,128.10690307617188,413.2409362792969,130.40846252441406,423.9598388671875
27,115.63363647460938,111.37725830078124,104.7292709350586,357.435791015625,101.5620346069336,424.0190124511719,128.10690307617188,413.0413818359375,130.45936584472656,423.9598388671875
28,115.47370910644533,111.32518005371094,104.75081634521484,357.190185546875,101.4041519165039,423.6620178222656,128.0776824951172,413.0413818359375,130.45936584472656,423.9598388671875
29,115.23896026611328,110.8883819580078,104.80066680908205,356.76617431640625,101.11277770996094,423.6552734375,128.0776824951172,412.6661376953125,130.45936584472656,423.9598388671875
30,114.8729248046875,110.5045394897461,104.81012725830078,356.7383728027344,101.11277770996094,423.3482360839844,128.03802490234375,412.4277038574219,130.2715606689453,423.8984375
31,114.26551818847656,109.86727905273438,105.25481414794922,356.64556884765625,101.11277770996094,422.3902893066406,128.03802490234375,411.5187377929688,129.49366760253906,423.4588623046875
32,112.64645385742188,107.9856185913086,107.04227447509766,355.9542541503906,101.2254638671875,419.5498046875,128.0776824951172,409.2327880859375,129.20945739746094,421.4652099609375
33,111.5022964477539,106.53097534179688,109.22711181640624,355.9542541503906,102.37881469726562,417.2340698242188,128.66073608398438,407.4261779785156,129.0178680419922,417.912841796875
34,110.71558380126952,105.97162628173828,111.33221435546876,355.9542541503906,103.0782699584961,417.22259521484375,130.1365509033203,407.4261779785156,128.72476196289062,417.6301574707031
35,110.6532974243164,105.7391586303711,113.3927764892578,355.0698547363281,103.0782699584961,416.9449768066406,130.1365509033203,406.8061218261719,127.74199676513672,417.385986328125
36,110.64607238769533,104.73102569580078,113.3927764892578,354.8452453613281,103.0782699584961,416.8112182617188,130.1365509033203,406.7754821777344,126.8354034423828,417.28076171875
37,110.22947692871094,101.3244400024414,113.3927764892578,354.20263671875,99.6069107055664,415.0670166015625,126.82711791992188,406.7754821777344,120.44744873046876,415.7987976074219
38,109.35823059082033,94.97917175292967,112.911376953125,351.2470703125,94.03996276855467,400.7872924804688,118.81726837158205,397.7087707519531,110.70934295654295,402.1018676757813
39,107.3791046142578,88.79462432861328,107.64485931396484,340.7888488769531,84.27879333496094,385.72900390625,104.2331314086914,383.5470275878906,93.5403060913086,386.463134765625
40,106.56607055664062,79.38633728027344,107.64485931396484,325.5011901855469,,,93.89514923095705,365.4211730957031,75.4311294555664,367.9631958007813
41,105.45989990234376,63.05804061889648,107.64485931396484,310.1123352050781,,,88.13509368896484,349.04766845703125,68.35659790039062,348.1796264648437
42,103.1173858642578,50.798301696777344,107.7115249633789,297.891357421875,,,88.13509368896484,332.91632080078125,68.35659790039062,331.3345642089844
43,100.98944854736328,39.39506149291992,109.66547393798828,283.56787109375,,,88.13509368896484,318.3881530761719,68.35659790039062,315.9346618652344
44,98.68473815917967,31.58253288269043,113.05884552001952,272.9078674316406,,,91.41419219970705,306.1492919921875,69.76301574707031,304.9530029296875
45,98.60465240478516,31.58253288269043,117.19672393798828,270.8935546875,,,97.1097183227539,304.3233337402344,75.33612823486328,301.3190002441406
46,98.60465240478516,31.58253288269043,122.48694610595705,270.8935546875,,,101.52474975585938,304.3233337402344,81.2440414428711,301.3190002441406
47,98.68473815917967,34.01698303222656,126.43032836914062,270.8935546875,,,103.80521392822266,304.3233337402344,82.4878921508789,301.3190002441406
48,98.8860092163086,42.520992279052734,126.43032836914062,278.5679626464844,,,104.11531066894533,311.6796264648437,83.07525634765625,308.8520202636719
49,101.7744369506836,54.70181274414063,126.43032836914062,288.7662658691406,,,104.11531066894533,318.81939697265625,83.07525634765625,315.4222106933594
50,109.36119842529295,72.80382537841797,124.95925903320312,301.7152099609375,,,104.11531066894533,329.21337890625,83.07525634765625,324.4156799316406
51,112.27137756347656,89.020263671875,122.82495880126952,318.9608154296875,,,101.53501892089844,341.115478515625,82.75776672363281,333.9629211425781
52,114.03663635253906,98.30534362792967,121.20020294189452,329.5703430175781,,,100.28816986083984,349.7578430175781,82.74694061279297,342.76385498046875
53,114.03663635253906,98.30534362792967,119.1707000732422,329.5703430175781,,,100.05220794677734,349.7578430175781,82.5741195678711,344.0582580566406
54,114.03663635253906,98.30534362792967,118.2237319946289,329.5703430175781,,,97.66717529296876,349.7578430175781,80.01407623291016,344.0582580566406
55,113.9291763305664,95.56582641601562,115.39698028564452,326.8417053222656,,,94.5075225830078,349.3048400878906,78.20883178710938,344.0582580566406
56,113.7424545288086,93.861083984375,115.39698028564452,321.3151550292969,,,92.63207244873048,342.05987548828125,78.20883178710938,333.3515319824219
57,111.67391967773438,88.43363952636719,115.39698028564452,312.9959716796875,,,92.63207244873048,334.4399108886719,78.20883178710938,321.4012451171875
58,110.4829559326172,83.3402099609375,115.52580261230467,301.9873352050781,,,92.63207244873048,323.21002197265625,78.98027038574219,307.2717590332031
59,109.17862701416016,77.07730102539062,118.94381713867188,294.5485534667969,,,97.43846893310548,312.27166748046875,83.1297607421875,299.7171325683594
60,109.11598205566406,69.39888000488281,122.67894744873048,285.37762451171875,,,103.0497817993164,305.9410705566406,87.74497985839844,289.3691101074219
61,108.22541046142578,65.39014434814453,125.74964904785156,280.22100830078125,,,105.31968688964844,304.2191772460937,92.23121643066406,287.6585388183594
62,108.09182739257812,63.31304550170898,125.74964904785156,280.22100830078125,,,105.31968688964844,304.2191772460937,92.23121643066406,287.6585388183594
63,108.09182739257812,63.31304550170898,125.74964904785156,280.22100830078125,,,105.31968688964844,304.2191772460937,92.23121643066406,287.6585388183594
64,108.09182739257812,63.31304550170898,124.59778594970705,285.06072998046875,,,105.0061492919922,309.69970703125,87.85826110839844,297.1702575683594
65,108.64727783203124,72.15828704833984,120.91075134277344,295.686767578125,,,105.0061492919922,321.2499694824219,87.85826110839844,310.0972900390625
66,110.60277557373048,84.35260009765625,120.91075134277344,311.7579040527344,,,105.0061492919922,335.5711669921875,87.85826110839844,326.3187866210937
67,114.2866439819336,95.39847564697266,120.91075134277344,325.2413024902344,,,111.87812042236328,348.42401123046875,96.222412109375,346.4197082519531
68,117.70824432373048,103.4635009765625,126.7384033203125,339.6781921386719,,,123.83208465576172,370.6358642578125,110.24181365966795,369.155517578125
69,120.42574310302734,105.68775177001952,136.54055786132812,342.8371276855469,114.78347778320312,390.1714477539063,,,137.06939697265625,378.7451477050781
70,122.40130615234376,105.68775177001952,145.3384246826172,342.8371276855469,123.79358673095705,391.8846435546875,,,147.66600036621094,378.7451477050781
71,123.91992950439452,105.68775177001952,145.3384246826172,342.8371276855469,123.79358673095705,391.8846435546875,,,147.66600036621094,378.7451477050781
72,123.91992950439452,104.78516387939452,145.3384246826172,339.9761657714844,123.79358673095705,391.8846435546875,,,147.66600036621094,375.9488220214844
73,123.91992950439452,103.39187622070312,136.4265594482422,339.9761657714844,113.03166961669922,388.9895324707031,,,136.03369140625,375.9488220214844
74,123.72290802001952,103.39187622070312,124.34516143798828,339.9761657714844,98.80520629882812,388.9895324707031,,,120.66654205322266,375.9488220214844
75,122.02426147460938,103.39187622070312,112.9827117919922,341.1054992675781,84.58070373535156,388.9895324707031,,,109.5321273803711,380.6862182617188
76,120.93041229248048,103.5448226928711,105.66119384765624,344.3210754394531,80.99404907226562,393.9918823242188,,,104.7441177368164,388.9705200195313
77,120.93041229248048,106.6739273071289,105.66119384765624,351.04449462890625,80.99404907226562,404.3305358886719,109.7939453125,395.8641662597656,104.7441177368164,402.1423950195313
78,120.93041229248048,106.6739273071289,105.66119384765624,351.04449462890625,80.99404907226562,407.827880859375,109.7939453125,400.2116088867188,104.7441177368164,405.8186950683594
79,121.5732650756836,106.6739273071289,111.42212677001952,351.04449462890625,87.65205383300781,409.7913208007813,115.8934097290039,400.2116088867188,112.2480697631836,407.1172790527344
80,122.37718200683594,105.81664276123048,117.0091781616211,348.18218994140625,96.64374542236328,410.41741943359375,123.92054748535156,400.2116088867188,120.02578735351562,407.1172790527344
81,122.37718200683594,105.4453353881836,125.49610900878906,347.8497009277344,108.71336364746094,410.7241516113281,135.21661376953125,399.3130798339844,133.0041961669922,407.1172790527344
82,122.37718200683594,105.36639404296876,130.57894897460938,347.8497009277344,118.22411346435548,410.6281127929688,143.929443359375,399.1770935058594,142.13502502441406,405.2579040527344
83,122.13460540771484,105.35717010498048,130.57894897460938,347.365234375,118.22411346435548,410.6281127929688,143.929443359375,399.1770935058594,142.13502502441406,405.2579040527344
84,121.7737808227539,105.35717010498048,130.57894897460938,347.365234375,118.22411346435548,410.6281127929688,143.929443359375,399.1770935058594,142.13502502441406,405.2579040527344
85,120.42147064208984,105.35717010498048,130.57894897460938,347.76434326171875,115.84232330322266,410.7241516113281,141.69171142578125,399.4909057617188,138.85557556152344,407.2489929199219
86,119.62947082519533,105.79447174072266,130.57894897460938,348.03424072265625,113.07626342773438,410.8318481445313,139.91091918945312,402.0563659667969,136.0958709716797,410.12603759765625
87,118.6064910888672,106.39466094970705,130.76974487304688,348.33026123046875,112.39382934570312,412.3388366699219,139.7207794189453,405.8293151855469,135.5550079345703,415.4159240722656
88,117.61907196044922,106.77678680419922,130.76974487304688,348.4401550292969,111.41706085205078,413.2183837890625,138.59585571289062,407.6123046875,134.02488708496094,417.1792907714844
89,116.81354522705078,106.9691390991211,130.76974487304688,349.84295654296875,108.20744323730467,413.2478637695313,135.9842987060547,408.5823669433594,129.24359130859375,418.8584899902344
90,115.8104476928711,108.23054504394533,129.36972045898438,351.25054931640625,104.38507080078124,413.2478637695313,130.5779266357422,411.13037109375,123.10892486572266,420.01605224609375
91,115.37673950195312,108.82014465332033,126.10100555419922,351.2568664550781,98.72402954101562,413.2478637695313,125.37230682373048,411.760009765625,117.28923797607422,421.029296875
92,114.9001007080078,109.64845275878906,121.91693115234376,352.5400085449219,94.833984375,413.26220703125,119.78462982177734,412.79144287109375,112.20480346679688,422.1504821777344
93,114.796630859375,109.87259674072266,119.020751953125,354.93768310546875,91.43673706054688,413.26220703125,117.54920959472656,413.4822692871094,109.5901107788086,422.169677734375
94,114.6405029296875,110.70467376708984,116.4568862915039,356.54547119140625,90.29295349121094,413.26220703125,116.18702697753906,413.732666015625,108.38729858398438,422.93109130859375
95,113.9800262451172,112.21542358398438,116.4568862915039,358.587646484375,90.29295349121094,414.793212890625,116.18702697753906,414.3746337890625,108.0375518798828,423.7821044921875
96,113.33306121826172,113.77908325195312,116.4568862915039,359.2594909667969,90.29295349121094,415.4733276367188,116.18702697753906,414.9845275878906,107.83264923095705,423.9205627441406
97,113.31048583984376,113.946044921875,116.48601531982422,360.279541015625,90.59130096435548,415.7467346191406,116.7791976928711,415.078369140625,107.83264923095705,423.98968505859375
98,113.27661895751952,114.9278564453125,117.71910858154295,361.19732666015625,90.69176483154295,415.8810424804688,116.7791976928711,415.3816833496094,107.88197326660156,423.98968505859375
99,113.26424407958984,115.3688507080078,117.71910858154295,361.4415588378906,90.69176483154295,416.2623291015625,116.7791976928711,415.5870361328125,107.78433990478516,423.9205627441406
100,112.96549987792967,116.208251953125,117.71910858154295,362.0750122070313,90.69176483154295,416.7288208007813,116.52407836914062,415.5870361328125,107.78433990478516,423.8283081054688
101,112.1734390258789,117.2900161743164,115.4926986694336,362.53997802734375,89.65308380126953,417.3002624511719,115.83702087402344,415.614990234375,106.90152740478516,423.8283081054688
102,111.0509262084961,118.2686996459961,112.3354949951172,362.79638671875,88.6199951171875,418.041015625,114.9133071899414,415.614990234375,106.6851577758789,423.8283081054688
103,110.06729125976562,119.08306884765624,112.3354949951172,365.0470275878906,88.3271713256836,419.6935424804688,114.36701965332033,416.3287048339844,105.18872833251952,425.5256958007813
104,109.31077575683594,119.7323226928711,112.3354949951172,365.1012268066406,88.1795883178711,420.8684387207031,113.92562866210938,416.85498046875,104.65096282958984,426.7190856933594
105,109.06839752197266,121.00077056884766,113.55281066894533,367.5653076171875,88.09494018554688,421.2662658691406,113.6807861328125,418.0786743164063,104.18738555908205,426.9427490234375
106,108.65284729003906,122.04180145263672,114.85626220703124,368.2209777832031,87.97721099853516,421.2977600097656,113.60518646240234,418.3873901367188,102.40704345703124,426.991943359375
107,108.3210906982422,122.25960540771484,114.85626220703124,368.3634338378906,87.89950561523438,421.5098571777344,113.55607604980467,418.459228515625,102.35398864746094,427.0505065917969
108,108.28337860107422,122.43118286132812,114.85626220703124,369.572265625,87.84915924072266,421.337890625,113.10247802734376,418.459228515625,102.35398864746094,426.991943359375
109,108.28337860107422,122.43118286132812,113.48463439941406,369.572265625,87.59223175048828,421.337890625,112.82667541503906,418.459228515625,102.35398864746094,426.991943359375
110,108.28337860107422,122.25960540771484,110.99763488769533,369.572265625,87.59223175048828,421.337890625,112.82667541503906,417.0158996582031,102.9125518798828,426.0789794921875
111,108.3149185180664,120.41757202148438,109.14640808105467,367.5992126464844,87.59223175048828,420.6622924804688,112.82667541503906,416.2522583007813,105.09748077392578,424.6656799316406
112,108.51814270019533,118.30776977539062,106.87673950195312,365.01959228515625,87.92768096923828,418.7716674804688,113.4212646484375,413.1007690429688,105.88677978515624,421.7786254882813
113,109.12874603271484,116.80563354492188,103.7636260986328,362.4049072265625,88.13334655761719,416.47210693359375,113.93199157714844,410.6331481933594,106.39927673339844,418.5943908691406
114,109.16449737548828,114.9152374267578,103.13934326171876,360.5831298828125,88.87909698486328,415.8497619628906,114.57852935791016,408.613037109375,107.08169555664062,416.4576110839844
115,109.16915893554688,113.6577377319336,103.13934326171876,360.5831298828125,88.93295288085938,415.8497619628906,114.80257415771484,408.613037109375,107.3133316040039,415.9407043457031
116,109.28438568115234,113.31622314453124,103.13934326171876,360.5831298828125,90.08695220947266,415.8497619628906,115.9454574584961,408.4554748535156,108.06388092041016,415.8521118164063
117,109.72946166992188,112.56844329833984,103.26741027832033,360.5831298828125,90.49773406982422,416.2264709472656,116.59381866455078,408.4554748535156,108.81871032714844,415.7033081054688
118,110.31233215332033,112.01587677001952,103.26741027832033,360.4896240234375,90.68816375732422,416.3872985839844,116.59381866455078,408.4554748535156,109.46402740478516,415.1065368652344
119,110.8948211669922,111.41659545898438,103.26741027832033,360.4896240234375,90.68816375732422,416.431640625,116.59381866455078,407.8509216308594,111.23600006103516,414.40924072265625
120,111.39411926269533,110.92388153076172,102.45905303955078,360.0052490234375,90.68816375732422,416.4690856933594,116.43472290039062,407.2804870605469,111.40210723876952,414.12353515625
121,111.81148529052734,110.54724884033205,101.6237335205078,359.74127197265625,90.63306427001952,416.431640625,116.31517791748048,407.2686462402344,111.49372863769533,413.95111083984375
122,111.81148529052734,110.50848388671876,100.73795318603516,359.65240478515625,90.59647369384766,416.431640625,116.16796875,406.8043212890625,111.50697326660156,413.5572509765625
123,111.81148529052734,110.25508880615234,99.99063110351562,359.52716064453125,90.59647369384766,416.4690856933594,116.16796875,406.5511169433594,112.36825561523438,413.5572509765625
124,111.71011352539062,109.85677337646484,99.78851318359376,359.4888916015625,90.59647369384766,416.7843933105469,116.16796875,406.5511169433594,112.38410949707033,413.5572509765625
125,109.50040435791016,108.94561767578124,99.78851318359376,358.8497009277344,90.85904693603516,417.1438293457031,116.33938598632812,406.5511169433594,113.5082550048828,415.43798828125
126,108.1416473388672,108.68798828125,99.47342681884766,358.41571044921875,91.57234191894533,417.1438293457031,116.33938598632812,406.5511169433594,113.5082550048828,415.43798828125
127,106.5985336303711,107.74563598632812,99.40930938720705,356.4741516113281,91.57234191894533,417.1438293457031,116.33938598632812,406.5511169433594,113.5082550048828,415.43798828125
128,106.00244903564452,105.42586517333984,99.40930938720705,355.5621643066406,91.57234191894533,415.15130615234375,115.77188873291016,404.7126159667969,111.41067504882812,415.3779296875
129,105.98158264160156,102.58723449707033,97.51634979248048,351.811767578125,88.77651977539062,410.1194763183594,110.9353485107422,399.5814514160156,105.61712646484376,407.5049743652344
130,105.01741790771484,96.6686782836914,97.35343933105467,344.4664611816406,84.38540649414062,400.9217529296875,107.7417984008789,391.5631103515625,99.74286651611328,398.48638916015625
131,103.85208129882812,91.25341033935548,94.89999389648438,342.0509338378906,74.94884490966797,388.2458190917969,95.91487121582033,384.1380615234375,88.53191375732422,387.35400390625
132,103.531982421875,86.68795776367188,91.73135375976562,333.9800720214844,,,77.83775329589844,370.59521484375,59.16798400878906,374.3226623535156
133,103.33981323242188,79.00465393066406,90.26937103271484,326.01568603515625,,,64.95105743408203,360.5422973632813,40.97916793823242,363.6802368164063
134,103.33981323242188,75.17996978759766,90.26937103271484,321.1529541015625,,,61.165748596191406,353.8484191894531,36.88297653198242,354.9727478027344
135,103.33981323242188,73.96492004394531,90.26937103271484,319.3375244140625,,,61.165748596191406,349.45233154296875,36.88297653198242,350.117919921875
136,103.7155532836914,73.96492004394531,91.81810760498048,319.3375244140625,,,61.165748596191406,349.45233154296875,36.88297653198242,350.117919921875
137,104.02830505371094,73.96492004394531,92.97522735595705,319.3375244140625,,,69.72665405273438,349.45233154296875,47.31832504272461,350.117919921875
138,105.39397430419922,78.70552062988281,96.7425308227539,323.6958312988281,,,80.2154541015625,353.11962890625,60.90421295166016,355.44219970703125
139,107.25992584228516,84.68305206298828,101.41700744628906,331.77691650390625,,,95.81383514404295,361.722412109375,79.2699966430664,361.452392578125
140,109.72999572753906,91.26123046875,106.67292785644533,335.60223388671875,88.87262725830078,379.2581481933594,114.10334014892578,370.9986572265625,107.2587890625,371.2543640136719
141,113.16498565673828,98.20960998535156,111.86257934570312,348.342041015625,104.8177490234375,397.0062561035156,,,125.45804595947266,381.4935607910156
142,116.58208465576172,104.86318969726562,116.74829864501952,354.2643127441406,118.58904266357422,406.66064453125,,,136.4686737060547,386.6733703613281
143,116.58208465576172,104.86318969726562,116.74829864501952,354.2643127441406,118.58904266357422,406.66064453125,,,136.4686737060547,386.6733703613281
144,116.58208465576172,104.86318969726562,116.74829864501952,354.2643127441406,118.58904266357422,406.66064453125,,,136.4686737060547,386.6733703613281
145,116.3233642578125,103.90754699707033,116.28009796142578,353.7124938964844,117.46127319335938,404.8301086425781,,,136.2298126220703,385.2047729492188
146,115.41008758544922,103.90754699707033,115.68313598632812,353.7124938964844,116.88996887207033,404.8301086425781,,,135.1826171875,385.1497497558594
147,114.76263427734376,103.90754699707033,114.1592788696289,353.7124938964844,114.00090789794922,404.8301086425781,,,133.1714324951172,384.8577575683594
148,114.1755599975586,104.36628723144533,113.28450012207033,355.25634765625,111.28790283203124,405.5448913574219,,,130.7523651123047,384.8577575683594
149,113.51318359375,104.91201782226562,113.13658905029295,355.5260925292969,109.5850067138672,406.7172546386719,,,128.12744140625,384.8577575683594
150,113.13279724121094,105.73939514160156,112.52985382080078,356.6170349121094,108.6996078491211,407.3522644042969,,,127.10985565185548,384.8577575683594
151,113.04595184326172,107.31363677978516,111.91163635253906,357.89825439453125,108.60690307617188,409.0002746582031,,,126.78376007080078,387.4012451171875
152,112.9984359741211,111.30677795410156,110.79630279541016,360.9222412109375,106.1885223388672,410.6253356933594,,,123.2343521118164,390.3768310546875
153,113.04595184326172,111.30677795410156,109.24737548828124,361.4146423339844,105.20025634765624,412.2162780761719,,,123.05339050292967,392.6068115234375
154,113.04595184326172,111.30677795410156,108.54481506347656,361.4146423339844,105.10022735595705,412.9367065429688,,,123.05339050292967,393.2091064453125
155,113.16024780273438,111.28374481201172,107.65266418457033,361.4146423339844,105.10022735595705,413.5752258300781,,,123.05339050292967,395.4538269042969
156,113.16024780273438,111.11450958251952,106.17184448242188,360.23114013671875,105.10022735595705,414.6322937011719,,,123.05339050292967,396.6598205566406
157,113.16024780273438,110.53572845458984,104.8765640258789,359.5699768066406,105.00226593017578,414.6322937011719,,,123.05339050292967,398.08502197265625
158,112.47199249267578,110.21768188476562,103.63827514648438,358.39422607421875,104.64273834228516,414.7515258789063,,,123.20808410644533,400.0998229980469
159,111.9820327758789,109.21446990966795,103.63827514648438,357.9816589355469,104.61520385742188,414.7515258789063,,,123.20808410644533,400.7053833007813
160,111.74810028076172,108.78016662597656,103.63827514648438,357.0705261230469,104.61520385742188,415.9183044433594,,,123.88634490966795,403.0527648925781
161,111.58942413330078,108.51044464111328,104.44979095458984,357.03125,104.61520385742188,416.8231201171875,,,127.25453186035156,404.7405090332031
162,111.46185302734376,108.35343170166016,105.83195495605467,356.569091796875,105.18000793457033,417.22845458984375,129.74322509765625,401.6490173339844,129.3528594970703,408.43994140625
163,111.46185302734376,108.3126220703125,107.02985382080078,356.4691162109375,105.7326202392578,417.6522216796875,131.55209350585938,403.1741638183594,130.6126251220703,411.677490234375
164,111.46023559570312,108.29110717773438,107.90021514892578,356.4693908691406,105.77631378173828,417.7437133789063,132.1904754638672,403.7784423828125,131.3255157470703,412.92474365234375
165,111.46185302734376,108.29110717773438,108.08293151855467,356.4693908691406,105.91365051269533,418.1920776367188,132.88546752929688,404.6546020507813,132.448486328125,414.9756774902344
166,111.4824676513672,108.29110717773438,108.38951873779295,356.4693908691406,106.12456512451172,418.8686218261719,133.5636444091797,406.1068115234375,132.80921936035156,416.8229370117188
167,111.4824676513672,108.40373992919922,108.89700317382812,357.1183776855469,106.2218246459961,419.6579284667969,134.39480590820312,407.4166564941406,132.84840393066406,417.8726196289063
168,111.46023559570312,108.54015350341795,109.28477478027344,357.3721923828125,106.23702239990234,420.1924743652344,134.63702392578125,408.7603149414063,132.86337280273438,418.9855041503906
169,111.38890075683594,108.54728698730467,109.61666870117188,357.5388488769531,106.25904083251952,420.1929321289063,134.921630859375,409.1578979492188,132.84840393066406,419.1868896484375
170,110.43700408935548,108.59478759765624,110.09099578857422,357.625732421875,106.23702239990234,420.4303588867188,135.06512451171875,409.6437683105469,132.84840393066406,419.55224609375
171,110.34671783447266,108.81475830078124,110.74845123291016,358.017822265625,106.25904083251952,420.4518127441406,135.10169982910156,410.1287841796875,132.82778930664062,419.9515686035156
172,110.07525634765624,109.0103530883789,111.66118621826172,358.0970153808594,106.30329132080078,420.5161743164063,135.13851928710938,410.9078979492188,132.35211181640625,420.5142211914063
173,109.87810516357422,110.02092742919922,112.44253540039062,359.2366027832031,106.35332489013672,420.5161743164063,135.13851928710938,411.0892028808594,132.20346069335938,420.6100769042969
174,109.69203186035156,110.4212417602539,113.08396911621094,359.8744506835937,106.35332489013672,420.4518127441406,135.13851928710938,411.0892028808594,131.6692657470703,420.6100769042969
175,109.60130310058594,110.4212417602539,113.08396911621094,359.9618835449219,106.35332489013672,420.40863037109375,135.11581420898438,411.33587646484375,131.44056701660156,420.6408081054688
176,109.2179946899414,110.4212417602539,113.08396911621094,359.9618835449219,105.5411376953125,419.6710205078125,133.95310974121094,411.34564208984375,129.57823181152344,420.6408081054688
177,108.7782974243164,109.44447326660156,110.30596160888672,359.9618835449219,98.78248596191406,419.6098327636719,124.23721313476562,411.33587646484375,118.80957794189452,420.4382629394531
178,108.51654815673828,108.1532211303711,105.2960968017578,357.1883239746094,92.14014434814452,415.3763732910156,114.50875091552734,411.0183715820313,107.6828842163086,419.9755859375
179,108.3501434326172,104.84142303466795,104.3061752319336,354.6918029785156,90.55645751953124,411.6375427246094,112.66345977783205,405.8749694824219,105.9466552734375,416.0379028320313
180,108.3501434326172,103.1226043701172,104.03006744384766,352.0726013183594,90.21550750732422,407.5467834472656,111.7967758178711,400.41058349609375,105.2629623413086,407.9827575683594
181,107.8896942138672,101.06160736083984,103.61854553222656,351.03240966796875,85.83159637451172,397.3779602050781,107.44864654541016,393.1366882324219,99.36209869384766,398.96722412109375
182,107.5630340576172,98.92068481445312,100.80389404296876,350.5375366210937,72.01161193847656,386.7066955566406,91.9824676513672,386.9055786132813,78.3781967163086,389.9075927734375
183,107.30156707763672,95.72348022460938,97.9631118774414,346.34967041015625,,,79.10609436035156,378.0818481445313,57.30239868164063,382.3090515136719
184,106.68856811523438,94.44207763671876,97.9631118774414,344.1650695800781,,,79.10609436035156,372.6597290039063,57.30239868164063,375.8078308105469
185,106.68856811523438,94.35580444335938,97.9631118774414,343.07489013671875,,,79.10609436035156,370.2575073242188,57.30239868164063,372.8201293945313
186,106.68856811523438,94.35580444335938,98.0361328125,342.5452880859375,,,80.29711151123047,367.870361328125,58.09669494628906,370.1106262207031
187,106.97274780273438,94.44207763671876,102.46491241455078,342.2881774902344,,,90.02630615234375,365.5371398925781,70.60453033447266,366.9587707519531
188,107.8678970336914,94.57069396972656,106.54796600341795,342.1505126953125,,,97.81973266601562,364.662841796875,79.72798919677734,363.3221130371094
189,108.73648071289062,94.7436752319336,109.83670043945312,341.619384765625,,,101.4805145263672,362.3688049316406,83.00691223144531,360.691650390625
190,109.0182647705078,94.92660522460938,109.83670043945312,341.619384765625,,,101.4805145263672,360.2131042480469,83.00691223144531,357.9051513671875
191,109.20494842529295,95.09090423583984,109.83670043945312,341.619384765625,,,101.4805145263672,359.9689636230469,83.00691223144531,356.8004150390625
192,109.27326202392578,96.278564453125,109.75724792480467,341.7933044433594,,,100.91212463378906,359.9689636230469,81.9123764038086,356.8004150390625
193,109.4459457397461,97.36331939697266,109.6078643798828,342.55517578125,,,100.18182373046876,359.9689636230469,81.71732330322266,356.8004150390625
194,110.19381713867188,98.86029052734376,109.4873046875,343.42950439453125,,,99.64382934570312,361.5291442871094,81.42288208007812,357.4817199707031
195,110.20677947998048,99.77645874023438,109.4873046875,344.6139221191406,,,99.64382934570312,362.6524353027344,81.42288208007812,358.18408203125
196,110.26901245117188,99.8478775024414,109.4873046875,344.8951416015625,,,99.64382934570312,362.8042602539063,81.42288208007812,358.2137756347656
197,110.26901245117188,99.98987579345705,109.53192138671876,345.0988464355469,,,99.7702407836914,363.1759033203125,81.56941223144531,358.3762512207031
198,110.26901245117188,100.03778076171876,109.55744171142578,345.115966796875,,,99.7702407836914,363.4456787109375,81.56941223144531,358.7118225097656
199,110.22150421142578,100.6236572265625,109.71613311767578,346.08282470703125,,,99.7702407836914,366.0318603515625,81.7933578491211,360.8869323730469
200,110.1344757080078,101.19981384277344,109.96060180664062,347.3938903808594,,,99.17957305908205,369.39166259765625,81.97318267822266,364.6661682128906
201,110.10498046875,102.75415802001952,110.06797790527344,348.5155944824219,,,98.81649780273438,373.4694213867188,82.35227966308594,370.26959228515625
202,110.04228973388672,104.4082489013672,110.06797790527344,350.8924865722656,,,98.81649780273438,376.4273071289063,83.22248840332031,374.3006896972656
203,110.01364135742188,104.80005645751952,110.06797790527344,351.4457702636719,,,98.81649780273438,376.9631958007813,84.2181167602539,375.0573120117188
204,110.04228973388672,104.89134216308594,110.2645263671875,351.7133178710937,,,99.2931671142578,377.3315124511719,84.9621810913086,375.3313293457031
205,110.10498046875,104.92594146728516,110.49800872802734,351.7226257324219,,,99.9938735961914,377.36236572265625,85.7663803100586,375.39398193359375
206,110.19668579101562,104.9541015625,110.7566375732422,351.725830078125,,,100.73641204833984,377.36236572265625,86.70326232910156,375.39398193359375
207,110.25940704345705,104.9541015625,110.9677276611328,351.725830078125,,,101.39788055419922,377.36236572265625,87.26039123535156,375.39398193359375
208,110.39968872070312,104.9541015625,111.2186279296875,351.7226257324219,,,102.1607437133789,376.8203125,87.75834655761719,374.87158203125
209,110.50921630859376,104.7253189086914,111.2728271484375,351.6725769042969,,,103.0987319946289,375.3982849121094,88.07708740234375,372.71917724609375
210,110.7701187133789,104.36593627929688,111.33275604248048,350.5083312988281,,,103.9194107055664,373.8733215332031,88.5985107421875,369.669677734375
211,110.7701187133789,103.56024932861328,111.76380157470705,349.6588439941406,,,104.0408706665039,370.7890319824219,89.17448425292969,366.19720458984375
212,110.7701187133789,102.82587432861328,112.27122497558594,347.54888916015625,,,104.85523986816406,367.80224609375,89.40637969970703,361.9577026367188
213,110.75760650634766,102.19841003417967,112.96495819091795,345.9748229980469,,,106.03274536132812,365.6152038574219,90.65359497070312,358.8687438964844
214,110.75760650634766,102.16864013671876,113.10296630859376,345.5865173339844,,,106.68670654296876,362.8981628417969,92.1430206298828,356.8216857910156
215,110.75760650634766,102.06950378417967,113.24546813964844,345.5865173339844,,,107.42161560058594,362.8981628417969,92.61487579345705,356.8216857910156
216,110.87580108642578,102.06950378417967,113.24546813964844,345.5865173339844,,,108.18978881835938,362.8981628417969,93.6178970336914,356.8216857910156
217,111.09391784667967,102.16864013671876,113.10296630859376,345.6444091796875,,,109.8266830444336,365.2265319824219,95.19978332519533,359.3553161621094
218,111.97666931152344,103.236083984375,112.57245635986328,350.0410461425781,,,110.87887573242188,372.7115173339844,97.767578125,369.07611083984375
219,114.62921142578124,105.94808959960938,111.91522979736328,355.4574890136719,91.08277893066406,390.5157165527344,,,110.6728057861328,383.4555969238281
220,116.99398803710938,111.32018280029295,110.51753997802734,356.6298522949219,98.90557861328124,404.6373291015625,123.5177230834961,399.4559631347656,117.94467163085938,397.3443603515625
221,118.88590240478516,115.0357437133789,107.82010650634766,358.8074035644531,98.90557861328124,409.1676330566406,,,118.70832061767578,397.3443603515625
222,118.92218780517578,115.0357437133789,103.07901000976562,358.9490966796875,98.90557861328124,409.1884460449219,,,118.70832061767578,397.3443603515625
223,118.92218780517578,115.0357437133789,97.22610473632812,358.9490966796875,96.78462982177734,409.1884460449219,,,118.70832061767578,394.0525207519531
224,118.88590240478516,114.32425689697266,93.44952392578124,358.8074035644531,93.22931671142578,409.1884460449219,,,114.81409454345705,387.7341613769531
225,118.88590240478516,113.04389190673828,93.44952392578124,355.04498291015625,93.22931671142578,404.656005859375,,,114.81409454345705,382.831787109375
226,118.8917236328125,111.9744873046875,93.44952392578124,354.2037353515625,93.22931671142578,404.656005859375,,,114.81409454345705,382.831787109375
227,118.8917236328125,111.9744873046875,99.1773681640625,354.2037353515625,101.55248260498048,404.656005859375,,,122.21399688720705,382.831787109375
228,119.56565856933594,111.9744873046875,107.05609130859376,354.2037353515625,108.86961364746094,409.1082763671875,,,130.7235565185547,385.3025512695313
229,119.56565856933594,111.9744873046875,109.89591217041016,355.8402099609375,110.06707763671876,409.5743103027344,,,131.28408813476562,388.2387390136719
230,119.56565856933594,111.9744873046875,109.89591217041016,355.8402099609375,110.06707763671876,409.7991943359375,,,131.28408813476562,388.35162353515625
231,118.90380096435548,111.66693878173828,109.89591217041016,355.8402099609375,110.06707763671876,411.4280700683594,,,131.28408813476562,388.5998229980469
232,118.13694763183594,111.66693878173828,107.1941375732422,354.9676208496094,107.70906066894533,411.5555419921875,,,128.87318420410156,389.6064453125
233,117.48402404785156,111.66693878173828,104.76806640625,354.9676208496094,103.87484741210938,411.9764709472656,,,124.41567993164062,391.87109375
234,117.4638671875,111.7006378173828,104.4243621826172,354.9676208496094,100.9792938232422,411.9764709472656,,,122.17267608642578,392.6716003417969
235,117.32355499267578,111.7006378173828,104.4243621826172,355.4283142089844,100.9792938232422,412.1221008300781,,,122.17267608642578,393.4239501953125
236,117.1058578491211,111.7006378173828,104.4243621826172,355.4283142089844,100.9792938232422,412.2844543457031,,,122.17267608642578,394.14593505859375
237,116.75458526611328,111.7006378173828,105.44232177734376,355.5177917480469,100.97303771972656,412.356689453125,,,123.02279663085938,396.4653015136719
238,116.41618347167967,111.7006378173828,106.2257308959961,355.6741638183594,101.13021850585938,413.4258728027344,,,124.36100006103516,399.6867980957031
239,115.59518432617188,112.51409149169922,106.76134490966795,355.6875,101.18595886230467,414.1875915527344,,,124.83799743652344,401.6408386230469
240,114.87886810302734,112.65177154541016,107.64759063720705,356.2785949707031,101.18595886230467,414.7538757324219,,,124.83799743652344,405.258544921875
241,114.40402221679688,112.68488311767578,108.94142150878906,356.67791748046875,100.94422149658205,414.9062194824219,128.35470581054688,401.8285217285156,124.83799743652344,408.7200317382813
242,113.86458587646484,112.9292449951172,110.84471130371094,357.3399658203125,100.49674224853516,415.6551513671875,127.73882293701172,404.24560546875,122.1393585205078,413.0976867675781
243,113.30361938476562,112.9292449951172,110.84471130371094,357.91552734375,99.9336166381836,416.2820739746094,127.54918670654295,406.3275146484375,121.58377075195312,415.1732482910156
244,112.76040649414062,112.9292449951172,110.84471130371094,357.91552734375,99.4620361328125,416.9303283691406,126.9707489013672,407.4489440917969,121.0036392211914,416.0431823730469
245,112.1087646484375,112.64109802246094,110.18267822265624,358.0009765625,98.19725036621094,417.0797729492188,125.5491180419922,407.9253540039063,120.21736907958984,416.9228820800781
246,111.80374145507812,112.24713134765624,108.64085388183594,358.0009765625,96.65592193603516,417.6696472167969,124.36322021484376,409.4503173828125,119.62683868408205,419.27099609375
247,111.61882019042967,112.24407196044922,106.83900451660156,359.0023803710937,94.21161651611328,418.1232299804688,120.01306915283205,412.279541015625,113.5120620727539,420.8226013183594
248,111.4855499267578,112.24407196044922,105.97824096679688,360.4179382324219,93.40919494628906,418.1232299804688,117.0321273803711,412.279541015625,110.08545684814452,420.8226013183594
249,110.9260482788086,112.1609878540039,105.446044921875,360.4179382324219,93.21611785888672,418.1232299804688,116.88153076171876,412.279541015625,110.05487823486328,420.8226013183594
250,110.90956115722656,111.87057495117188,105.446044921875,360.4179382324219,93.21611785888672,416.2469177246094,116.20767211914062,409.7547607421875,109.56674194335938,419.565673828125
251,110.74417114257812,111.60431671142578,105.97824096679688,358.7027587890625,93.21611785888672,413.657470703125,116.20767211914062,406.16412353515625,109.56674194335938,416.8085632324219
252,110.30642700195312,109.294921875,106.0630111694336,356.66375732421875,93.2922134399414,408.7677612304688,116.20767211914062,402.6173706054688,109.56674194335938,411.3933715820313
253,110.30642700195312,109.294921875,106.36961364746094,356.66375732421875,93.57534790039062,408.7677612304688,117.12435913085938,402.1293640136719,111.44676208496094,409.3832092285156
254,110.30642700195312,109.294921875,106.47010040283205,356.66375732421875,94.12452697753906,408.7677612304688,119.19302368164062,401.3204040527344,113.28936767578124,406.6640930175781
255,110.93514251708984,110.29993438720705,107.28223419189452,358.7427673339844,96.62127685546876,410.5986022949219,122.61959075927734,401.2681274414063,119.0642547607422,406.17572021484375
256,111.11071014404295,111.30059051513672,110.87615966796876,359.6416931152344,106.53327941894533,412.7746276855469,,,128.5092010498047,403.4968872070313
257,113.08528900146484,111.30059051513672,113.10530853271484,359.6416931152344,112.38506317138672,412.7746276855469,,,134.91064453125,400.0724487304688
258,113.25301361083984,111.30059051513672,113.42141723632812,359.6416931152344,113.46195220947266,412.7746276855469,,,134.93850708007812,399.1292419433594
259,113.47704315185548,111.175048828125,113.42300415039062,359.1667175292969,114.4844970703125,412.2439270019531,,,135.2273406982422,396.1480102539063
260,113.61045837402344,110.43265533447266,113.42300415039062,358.5630798339844,115.78434753417967,409.662109375,,,135.30718994140625,391.9932556152344
261,113.47704315185548,109.39179229736328,114.10596466064452,357.14532470703125,118.19364166259766,407.1463317871094,,,136.4122314453125,388.1956787109375
262,113.40401458740234,108.03885650634766,115.38848114013672,356.3046569824219,119.80001068115234,405.6373596191406,,,138.05503845214844,386.8865356445313
263,113.40401458740234,105.97721099853516,115.38848114013672,355.2961730957031,119.80001068115234,403.8866882324219,,,138.05503845214844,384.3554382324219
264,112.8010711669922,104.43234252929688,115.38848114013672,352.7572021484375,119.80001068115234,399.58544921875,,,138.05503845214844,379.8927917480469
265,111.9843978881836,101.28318786621094,115.1524429321289,348.7164306640625,114.88153839111328,392.4680786132813,,,132.60044860839844,371.0357360839844
266,110.91370391845705,95.7025375366211,113.74576568603516,340.57379150390625,108.20411682128906,381.8424377441406,,,129.9534912109375,362.9614868164063
267,108.27400207519533,88.7406997680664,113.74576568603516,332.7225646972656,104.82916259765624,372.5733337402344,,,124.2018585205078,352.6747436523437
268,107.31128692626952,83.69720458984375,113.74576568603516,324.6294250488281,104.82916259765624,359.52032470703125,,,122.82384490966795,341.2980041503906
269,106.685546875,75.44820404052734,114.40726470947266,315.0535888671875,,,,,121.69610595703124,334.0551452636719
270,106.685546875,70.19336700439453,118.70044708251952,309.2333984375,,,,,121.69610595703124,325.92742919921875
271,106.685546875,66.9093246459961,121.76786041259766,302.6798095703125,,,,,122.82384490966795,320.0458984375
272,106.7643814086914,66.9093246459961,125.26043701171876,297.3089904785156,,,,,124.76915740966795,316.3041381835937
273,107.7817611694336,66.9093246459961,127.1863250732422,297.3089904785156,,,,,130.44129943847656,316.3041381835937
274,109.75570678710938,70.8807373046875,128.6688690185547,297.3089904785156,,,,,132.13504028320312,316.3041381835937
275,111.16266632080078,76.94581604003906,128.6688690185547,302.5350646972656,,,,,132.13504028320312,316.9300231933594
276,112.26573944091795,82.98191833496094,128.6688690185547,308.4928894042969,,,,,132.13504028320312,323.1148681640625
277,113.31902313232422,87.89360046386719,128.15940856933594,319.6788330078125,,,,,130.68450927734375,335.0703125
278,115.12291717529295,94.12035369873048,125.33584594726562,328.7874755859375,,,,,128.86651611328125,347.2453308105469
279,115.32514190673828,100.42323303222656,121.9564437866211,337.8089599609375,,,,,127.29122161865234,357.9391784667969
280,115.70291137695312,103.7891616821289,119.198486328125,344.3108215332031,104.97630310058594,382.1833190917969,,,125.5272979736328,367.7705383300781
281,115.70291137695312,103.7891616821289,118.16032409667967,344.3108215332031,104.97630310058594,382.1833190917969,,,125.5272979736328,367.7705383300781
282,116.29531860351562,103.7891616821289,118.16032409667967,344.3108215332031,104.97630310058594,382.1833190917969,,,125.5272979736328,367.7705383300781
283,116.29940795898438,101.75655364990234,118.16032409667967,341.3974609375,107.20941162109376,379.9879455566406,,,126.49304962158205,363.1040344238281
284,116.4643783569336,100.82141876220705,119.39640808105467,338.5414733886719,107.9768524169922,376.36822509765625,,,129.59056091308594,357.954345703125
285,117.49816131591795,99.32748413085938,119.39640808105467,336.88507080078125,108.79680633544922,375.9425354003906,,,132.58924865722656,354.8169250488281
286,118.45626831054688,99.32748413085938,119.39640808105467,336.88507080078125,108.79680633544922,375.9425354003906,,,132.58924865722656,354.8169250488281
287,118.45626831054688,99.32748413085938,119.39241790771484,336.88507080078125,108.79680633544922,375.9425354003906,,,132.58924865722656,354.8169250488281
288,118.45626831054688,100.54271697998048,116.32233428955078,338.04449462890625,108.35809326171876,380.41790771484375,,,131.81130981445312,359.7696228027344
289,118.6851577758789,102.98048400878906,113.12353515625,342.0283508300781,106.1637725830078,388.6197814941406,,,129.201416015625,365.8195190429688
290,118.6851577758789,106.59754943847656,111.14591979980467,348.6117248535156,106.1637725830078,396.5053405761719,,,128.2054443359375,373.52880859375
291,118.78385162353516,108.45550537109376,110.04812622070312,353.5132141113281,106.1637725830078,404.4992370605469,,,128.2054443359375,382.7750549316406
292,118.86463928222656,110.06808471679688,110.04812622070312,355.32977294921875,107.44576263427734,407.1862487792969,,,128.2054443359375,388.8382568359375
293,118.96651458740234,110.06808471679688,110.04812622070312,355.32977294921875,108.98645782470705,407.1862487792969,,,130.55697631835938,388.8382568359375
294,118.96651458740234,110.06808471679688,113.15403747558594,355.32977294921875,112.66934967041016,407.1862487792969,,,133.8237762451172,388.8382568359375
295,118.96651458740234,109.11351013183594,118.01496124267578,353.3063049316406,118.38711547851562,403.35205078125,,,138.79092407226562,383.337646484375
296,118.73065948486328,107.24864196777344,124.18025207519533,351.9031066894531,123.26649475097656,399.1794738769531,,,144.9378204345703,374.2101745605469
297,118.3181610107422,105.6654815673828,129.7552490234375,346.1220092773437,132.90142822265625,392.2700805664063,,,149.70791625976562,368.4674682617188
298,118.05128479003906,103.83229064941406,136.40968322753906,344.1064758300781,138.35069274902344,388.566650390625,,,154.71775817871094,362.0162353515625
299,117.84014129638672,102.5375747680664,137.49267578125,344.1064758300781,138.35069274902344,388.566650390625,,,154.71775817871094,362.0162353515625
300,117.32459259033205,102.5375747680664,137.49267578125,344.1064758300781,138.35069274902344,388.566650390625,,,154.71775817871094,362.0162353515625
301,116.86477661132812,102.5375747680664,137.49267578125,346.0323181152344,134.64576721191406,390.7355346679688,,,151.501220703125,367.2777099609375
302,115.73491668701172,102.27815246582033,130.29183959960938,347.0912170410156,124.72622680664062,395.1513366699219,,,145.56317138671875,371.3667907714844
303,114.76229858398438,102.2667999267578,122.00249481201172,347.3287658691406,115.2628402709961,395.1513366699219,,,134.3047332763672,378.02734375
304,113.31324768066406,102.142578125,113.35791778564452,347.3287658691406,104.91986846923828,395.1513366699219,,,125.39472198486328,378.4758911132813
305,111.36084747314452,101.32262420654295,106.68441772460938,347.3287658691406,97.38549041748048,394.6942138671875,,,118.56784057617188,378.4758911132813
306,111.36084747314452,99.70269775390624,106.68441772460938,345.6141967773437,97.38549041748048,392.5101013183594,,,118.56784057617188,378.4758911132813
307,111.36084747314452,97.83746337890624,106.68441772460938,344.46502685546875,97.38549041748048,387.3274536132813,,,118.56784057617188,371.8594970703125
308,112.1547622680664,96.10601806640624,112.3960952758789,338.4884948730469,104.17984771728516,380.6797790527344,,,124.71833038330078,364.9220581054688
309,113.4046401977539,93.36194610595705,122.3756103515625,336.5098571777344,115.14341735839844,375.2294921875,,,135.06936645507812,355.0594177246094
310,114.71875,91.99421691894533,131.72422790527344,329.7864074707031,125.70304107666016,367.1866455078125,,,146.50460815429688,348.1140441894531
311,115.7191162109375,91.99421691894533,139.63613891601562,327.68756103515625,137.82571411132812,366.5342712402344,,,154.1234130859375,343.5804138183594
312,115.95479583740234,91.99421691894533,142.8594970703125,327.68756103515625,,,,,160.2487030029297,343.5804138183594
313,116.21946716308594,92.91567993164062,142.8594970703125,327.68756103515625,,,,,160.2487030029297,343.5804138183594
314,117.42620849609376,97.99571228027344,142.8594970703125,335.2866516113281,140.0618438720703,374.8828125,,,160.2487030029297,354.3735046386719
315,118.41239166259766,108.25753021240234,134.7383575439453,349.4545593261719,127.56393432617188,394.1249084472656,,,151.35568237304688,372.2601013183594
316,118.41239166259766,116.52723693847656,120.4931869506836,358.7372436523437,113.22187042236328,406.91644287109375,,,136.02816772460938,387.949462890625
317,118.41239166259766,116.52723693847656,102.41715240478516,358.7372436523437,98.57087707519533,409.366455078125,,,120.97862243652344,395.3560791015625
318,115.3982925415039,117.57432556152344,90.40316009521484,358.7372436523437,81.28591918945312,409.366455078125,,,105.18731689453124,395.3560791015625
319,115.3982925415039,118.38864135742188,90.40316009521484,356.45294189453125,81.28591918945312,409.366455078125,,,105.18731689453124,395.3560791015625
320,115.3982925415039,117.57432556152344,90.40316009521484,354.7528686523437,81.28591918945312,405.9761047363281,,,105.18731689453124,392.39202880859375
321,117.11377716064452,116.38631439208984,97.25778198242188,350.7547607421875,87.0297622680664,400.6230163574219,,,113.28465270996094,384.8790588378906
322,118.0262222290039,115.86710357666016,105.1883316040039,347.4714050292969,97.21874237060548,393.48834228515625,,,120.68302154541016,376.847900390625
323,119.52452850341795,112.94002532958984,111.25638580322266,346.6007080078125,104.15534973144533,393.48834228515625,,,128.4602508544922,370.4270629882813
324,119.52452850341795,111.0474090576172,118.07627868652344,346.6007080078125,115.53622436523438,393.48834228515625,,,136.7380828857422,370.4270629882813
325,119.9856948852539,111.0474090576172,126.0576629638672,346.6007080078125,126.01720428466795,394.6345520019531,,,147.3203887939453,370.4270629882813
326,119.52452850341795,111.0474090576172,129.71942138671875,350.4801025390625,133.59442138671875,401.9546203613281,,,154.3648681640625,381.7037353515625
327,119.41656494140624,113.49908447265624,129.71942138671875,355.9830322265625,133.94259643554688,406.7117614746094,,,154.3648681640625,385.8927001953125
328,119.0423583984375,113.49908447265624,129.71942138671875,355.9830322265625,133.94259643554688,407.87939453125,,,154.3648681640625,387.7218627929688
329,118.60863494873048,113.49908447265624,125.92552185058594,355.9830322265625,133.94259643554688,408.4562377929688,,,153.00389099121094,387.9825439453125
330,118.5803680419922,112.2778091430664,122.79531860351562,355.2486267089844,126.9663314819336,410.7042541503906,,,148.97607421875,393.8651123046875
331,118.12921142578124,112.2778091430664,118.86212921142578,355.1932983398437,120.94265747070312,410.9114990234375,,,144.24269104003906,398.6051635742188
332,117.05074310302734,112.2778091430664,113.66256713867188,355.1932983398437,114.16819763183594,412.4413757324219,,,138.16282653808594,403.14837646484375
333,116.11455535888672,112.72189331054688,109.16613006591795,355.1932983398437,107.87395477294922,413.9908142089844,135.14422607421875,401.3094177246094,134.2081298828125,407.8119201660156
334,115.46089935302734,112.72189331054688,104.1614990234375,356.305419921875,101.88800811767578,415.7651672363281,128.36087036132812,403.8113403320313,128.11029052734375,414.2264099121094
335,114.9898452758789,112.75760650634766,99.636962890625,357.4613342285156,95.4961166381836,417.5187377929688,122.6662368774414,407.0604553222656,120.27642822265624,417.8943176269531
336,114.7569808959961,112.75760650634766,96.17025756835938,358.1700744628906,90.44512939453124,417.9407653808594,118.76488494873048,408.5040893554688,115.33062744140624,419.7001037597656
337,113.84625244140624,112.72189331054688,95.71179962158205,358.9432373046875,87.96186828613281,417.9407653808594,115.49627685546876,409.1919250488281,112.57781982421876,420.302734375
338,113.8006591796875,112.56065368652344,95.71179962158205,359.1619873046875,87.96186828613281,418.1661376953125,115.28170776367188,409.2703552246094,112.3007354736328,420.3958740234375
339,113.75628662109376,112.13035583496094,95.71179962158205,359.41619873046875,87.96186828613281,418.2612609863281,115.28170776367188,409.8019104003906,110.2879409790039,420.5803833007813
340,113.3223114013672,112.09368896484376,98.26319885253906,359.41619873046875,88.28907012939453,418.2612609863281,115.28170776367188,410.3186645507813,110.1830596923828,420.65478515625
341,113.21696472167967,111.6706085205078,100.74115753173828,359.9300537109375,90.43783569335938,418.2612609863281,116.22106170654295,412.5745544433594,110.12763214111328,422.3133544921875
342,112.96902465820312,111.65955352783205,101.13792419433594,360.3635559082031,90.43821716308594,419.1412048339844,116.22106170654295,414.8813171386719,110.12763214111328,424.4944763183594
343,112.65415954589844,111.65931701660156,101.13792419433594,360.3635559082031,90.43821716308594,419.1412048339844,116.22106170654295,414.8813171386719,110.12763214111328,424.4944763183594
344,111.9449691772461,111.65931701660156,101.13792419433594,360.3635559082031,90.43821716308594,419.2171325683594,115.61422729492188,414.9510192871094,109.12987518310548,424.6371154785156
345,111.4669952392578,111.21891021728516,101.00023651123048,360.2594909667969,90.43821716308594,419.2171325683594,115.61422729492188,414.9979248046875,109.12987518310548,424.6371154785156
346,111.4669952392578,111.21891021728516,101.00023651123048,360.2594909667969,90.43821716308594,419.2171325683594,115.61422729492188,414.9979248046875,109.09539031982422,424.6371154785156
347,111.4669952392578,111.21783447265624,101.00023651123048,359.968505859375,90.48334503173828,419.9637756347656,115.73977661132812,415.6267700195313,109.0834503173828,425.0876770019531
348,111.7363739013672,111.21891021728516,101.06786346435548,360.0705871582031,90.48334503173828,420.33642578125,115.73977661132812,416.2736511230469,108.95516967773438,425.6613159179688
349,111.7363739013672,111.23589324951172,101.23999786376952,360.2594909667969,90.53750610351562,420.3373107910156,115.73977661132812,416.2939453125,108.89269256591795,425.73736572265625
350,111.7363739013672,111.26272583007812,101.2439422607422,360.4480895996094,90.55796813964844,420.3519287109375,115.73977661132812,416.2944641113281,108.89269256591795,425.7690124511719
351,111.7162857055664,111.51789855957033,101.32755279541016,360.5096130371094,90.58458709716795,420.3963317871094,115.712158203125,416.4143676757813,108.89269256591795,425.7690124511719
352,111.7162857055664,111.73500061035156,101.48163604736328,360.5390930175781,90.7307357788086,420.3735961914063,115.69770050048828,416.5058898925781,109.00935363769533,425.9145202636719
353,111.7162857055664,112.0824737548828,102.13314819335938,360.7414245605469,90.79854583740234,420.3735961914063,115.69293212890624,416.5583801269531,109.00935363769533,425.9145202636719
354,111.7162857055664,112.1355438232422,102.57386016845705,361.1585998535156,90.7996063232422,420.3735961914063,115.69293212890624,416.5583801269531,109.03125762939452,425.933837890625
355,111.67544555664062,112.14010620117188,102.79737854003906,361.3455200195313,90.88156127929688,420.2112731933594,115.69293212890624,416.5583801269531,109.03125762939452,425.933837890625
356,111.67544555664062,112.39830017089844,102.90833282470705,361.3457336425781,90.88156127929688,420.08642578125,115.7523422241211,416.4886169433594,109.00934600830078,425.8963623046875
357,111.6430206298828,112.62335968017578,103.11312866210938,361.4066467285156,90.91078186035156,419.91607666015625,115.80506134033205,416.3062133789063,108.97771453857422,425.7094421386719
358,111.6430206298828,112.95660400390624,103.3993911743164,361.900390625,90.93757629394533,419.814208984375,115.87156677246094,416.2258605957031,108.8551788330078,425.6873168945313
359,111.6430206298828,113.87158203125,103.87002563476562,361.9824523925781,90.95654296875,419.7078552246094,116.12545776367188,416.2046813964844,108.71150970458984,425.6087036132813
360,111.8515167236328,114.15023803710938,104.37235260009766,362.2345275878906,90.95654296875,419.4726867675781,116.12545776367188,415.978515625,108.71150970458984,425.4543151855469
361,111.93106079101562,114.24742889404295,104.6905517578125,362.4284057617188,90.95654296875,418.9554748535156,116.12545776367188,415.6549072265625,108.71150970458984,425.01654052734375
362,111.93106079101562,114.311767578125,104.8089370727539,362.4284057617188,90.86663055419922,418.8323974609375,115.99893951416016,415.5794372558594,108.71150970458984,425.0127868652344
363,111.93106079101562,114.45631408691406,104.81785583496094,362.4284057617188,90.86663055419922,418.5638427734375,115.98182678222656,415.5708312988281,108.52655029296876,424.7430725097656
364,111.87084197998048,114.65061950683594,104.838134765625,362.5241394042969,90.86663055419922,418.4132690429688,115.85388946533205,415.3336791992188,108.51148986816406,424.35882568359375
365,111.75975036621094,114.7414321899414,104.8381805419922,362.5241394042969,90.94619750976562,418.3377685546875,115.85388946533205,415.2803955078125,108.51148986816406,424.2592468261719
366,111.75975036621094,114.7414321899414,104.89348602294922,362.4269409179688,90.96654510498048,418.333740234375,115.85388946533205,415.246337890625,108.51148986816406,424.1541748046875
367,111.75975036621094,114.7414321899414,104.92381286621094,362.61138916015625,90.99470520019533,418.304443359375,116.03758239746094,414.804931640625,108.7808837890625,423.7805786132813
368,111.75975036621094,114.77295684814452,104.92381286621094,362.5434875488281,91.04766082763672,418.304443359375,116.20790100097656,414.804931640625,109.27010345458984,423.7805786132813
369,111.79688262939452,114.75660705566406,104.97175598144533,362.4269409179688,91.08888244628906,418.304443359375,116.22917938232422,414.79638671875,109.3176727294922,423.7014770507813
370,111.79947662353516,114.73258209228516,105.05664825439452,362.4269409179688,91.11163330078124,418.3445739746094,116.25318908691406,414.8009948730469,109.3176727294922,423.6813049316406
371,111.79947662353516,114.69429779052734,105.18435668945312,362.3927612304688,91.24024963378906,418.3556518554688,116.30011749267578,414.79876708984375,109.3176727294922,423.6523132324219
372,111.79688262939452,114.75660705566406,105.20144653320312,362.3594665527344,91.27617645263672,418.35693359375,116.30011749267578,414.8009948730469,109.31544494628906,423.6523132324219
373,111.79688262939452,114.6030502319336,105.20144653320312,362.1271362304688,91.31810760498048,418.3679504394531,116.30011749267578,414.8009948730469,109.1938934326172,423.6523132324219
374,111.72408294677734,114.5770263671875,105.20144653320312,362.1271362304688,91.32050323486328,418.3679504394531,116.30011749267578,414.8556823730469,109.0103759765625,423.6770935058594
375,111.68487548828124,114.5770263671875,105.20144653320312,362.02142333984375,91.32849884033205,418.3679504394531,116.2764129638672,414.93206787109375,109.009521484375,423.7186279296875
376,111.6409912109375,114.5770263671875,105.19979095458984,362.02142333984375,91.46144104003906,418.3340759277344,116.2764129638672,414.9680480957031,108.9200668334961,423.849853515625
377,111.62667083740234,114.52570343017578,105.19193267822266,362.0028991699219,91.47064208984376,418.3340759277344,116.2770538330078,415.0030212402344,108.8374481201172,423.8618774414063
378,111.6409912109375,114.52570343017578,105.19193267822266,361.96533203125,91.49069213867188,418.31341552734375,116.29239654541016,415.0030212402344,108.8374481201172,423.8618774414063
379,111.6409912109375,114.52570343017578,105.19193267822266,361.9302368164063,91.4989776611328,418.31341552734375,116.29239654541016,415.0030212402344,108.8374481201172,423.8618774414063
380,111.75265502929688,114.52570343017578,105.1634521484375,361.675537109375,91.4989776611328,418.1109008789063,116.42271423339844,414.7004699707031,109.06289672851562,423.42724609375
381,111.78824615478516,114.52386474609376,105.08191680908205,361.2769165039063,91.50501251220705,417.6531982421875,116.66262817382812,413.5644226074219,109.23341369628906,421.6791687011719
382,111.84650421142578,114.48387908935548,104.98340606689452,360.6405334472656,91.59085083007812,416.5511169433594,116.66262817382812,410.9456481933594,110.47618103027344,419.5865783691406
383,111.8637924194336,114.2611846923828,104.98340606689452,360.2881164550781,91.81414031982422,413.8690185546875,116.99803161621094,405.7486267089844,111.81027221679688,413.94049072265625
384,111.9307098388672,113.77727508544922,104.98340606689452,359.6229858398437,91.88312530517578,410.9635009765625,116.99803161621094,403.3414306640625,111.81027221679688,408.3699645996094
385,112.02062225341795,112.27066040039062,105.28266143798828,357.3403015136719,91.88312530517578,406.1869812011719,116.65234375,399.6040344238281,111.81027221679688,400.7743835449219
386,112.02062225341795,111.44977569580078,105.58434295654295,356.79541015625,91.88312530517578,400.8869934082031,116.65234375,393.9608459472656,111.81027221679688,394.5245666503906
387,112.02062225341795,110.01893615722656,105.62525177001952,355.2742614746094,92.00547790527344,396.6105041503906,,,111.82478332519533,386.9283447265625
388,112.02062225341795,107.2380142211914,107.6091537475586,351.8240661621094,93.71612548828124,392.43841552734375,,,112.97702026367188,382.4721984863281
389,112.05123138427734,104.83975219726562,110.1630859375,350.5015869140625,95.43855285644533,385.648681640625,,,116.47288513183594,375.55615234375
390,112.08504486083984,102.61872863769533,114.60126495361328,348.844482421875,101.36585235595705,383.166259765625,,,120.7085952758789,373.8641357421875
391,113.08895111083984,100.77616119384766,119.37045288085938,345.0039978027344,104.98916625976562,375.9578857421875,,,125.25129699707033,368.64013671875
392,114.54007720947266,100.08332824707033,124.48931121826172,339.3275146484375,,,,,132.51812744140625,354.2627868652344
393,115.93569946289062,99.8277587890625,126.89689636230467,335.4159851074219,,,,,134.88848876953125,348.36737060546875
394,116.69306182861328,99.6569595336914,126.89689636230467,326.83819580078125,,,,,134.88848876953125,337.58306884765625
395,116.89682006835938,99.6569595336914,126.89689636230467,315.8973083496094,,,,,134.88848876953125,325.38702392578125
396,116.99478912353516,99.8277587890625,124.60293579101562,310.6184387207031,,,,,134.4086151123047,320.2823181152344
397,116.97701263427734,99.8277587890625,121.6755599975586,310.6184387207031,,,,,134.11532592773438,319.4596862792969
398,116.95177459716795,100.3927230834961,118.12522888183594,310.6184387207031,,,,,131.30593872070312,319.4596862792969
399,116.97701263427734,101.76947021484376,114.11598205566406,313.0635986328125,,,,,126.18023681640624,319.4596862792969
400,116.99478912353516,103.78643035888672,110.76519775390624,320.4880676269531,,,,,122.29583740234376,328.890869140625
401,118.53414916992188,107.15559387207033,109.41213989257812,331.06884765625,,,,,122.29583740234376,339.0423278808594
402,119.09310913085938,109.66179656982422,109.41213989257812,338.4175720214844,100.43782806396484,370.558349609375,,,122.29583740234376,348.579833984375
403,119.2253646850586,111.2063217163086,109.41213989257812,343.2580261230469,103.97624969482422,376.3848571777344,,,125.83113098144533,353.3056030273437
404,120.0825653076172,111.2063217163086,111.89868927001952,343.2580261230469,107.00596618652344,376.3848571777344,,,128.83718872070312,353.3056030273437
405,120.69747161865234,111.2063217163086,114.4476318359375,343.2580261230469,107.44139862060548,376.3848571777344,,,130.38821411132812,353.3056030273437
406,121.0375518798828,110.39761352539062,114.4476318359375,339.5765380859375,107.44139862060548,375.579833984375,,,130.38821411132812,352.0481872558594
407,121.31600189208984,110.39761352539062,114.4476318359375,339.5765380859375,107.44139862060548,375.579833984375,,,130.38821411132812,352.0481872558594
408,121.36021423339844,110.39761352539062,111.85856628417967,339.5765380859375,106.1083984375,375.579833984375,,,129.1995849609375,352.0481872558594
409,121.43927001953124,111.35684204101562,108.33504486083984,341.9216003417969,105.44451141357422,380.4442138671875,,,124.88478088378906,357.8855895996094
410,121.43927001953124,114.38195037841795,102.85504913330078,346.5652160644531,98.20453643798828,389.882568359375,,,120.2421646118164,369.1316833496094
411,121.31600189208984,117.16316223144533,98.15380096435548,348.7945556640625,89.26655578613281,398.2207946777344,,,114.03065490722656,379.4708557128906
412,120.34806823730467,119.13404846191406,98.15380096435548,351.8807678222656,89.26655578613281,404.0168151855469,,,114.03065490722656,386.5801086425781
413,120.34806823730467,119.13404846191406,98.15380096435548,351.8807678222656,89.26655578613281,405.6272583007813,,,114.03065490722656,388.8705749511719
414,120.34806823730467,119.13404846191406,101.24567413330078,351.8807678222656,91.48472595214844,408.8419494628906,,,115.77989959716795,390.48431396484375
415,121.17891693115234,119.06741333007812,111.00984954833984,350.5421142578125,103.81641387939452,409.9093017578125,,,124.2157974243164,391.00396728515625
416,122.66275787353516,118.73249816894533,116.54328155517578,348.4870300292969,106.44729614257812,410.7862548828125,,,131.87416076660156,393.1058044433594
417,122.66275787353516,118.29467010498048,116.54328155517578,348.4102478027344,106.44729614257812,410.9816589355469,,,131.87416076660156,395.5300598144531
418,122.66275787353516,117.83486938476562,116.54328155517578,347.3336486816406,106.44729614257812,412.8967895507813,,,131.87416076660156,400.88763427734375
419,122.09290313720705,117.2926254272461,113.97811126708984,347.3336486816406,103.85582733154295,413.6527099609375,129.67396545410156,400.0578918457031,126.62781524658205,408.5008850097656
420,120.51427459716795,116.2192840576172,111.50757598876952,347.3336486816406,99.26823425292967,413.6696472167969,125.5994110107422,402.00830078125,122.37403869628906,411.5343933105469
421,119.85986328125,116.12686157226562,108.57583618164062,347.7579345703125,94.62952423095705,413.6527099609375,122.13956451416016,402.8699035644531,118.79869842529295,414.1029357910156
422,118.51361846923828,116.09407043457033,105.8011474609375,347.9454650878906,90.71013641357422,413.2579650878906,118.64065551757812,404.1795654296875,115.5458526611328,417.0904235839844
423,118.19074249267578,113.83970642089844,101.23442840576172,347.9454650878906,87.11947631835938,413.2579650878906,115.24698638916016,405.4625549316406,111.32473754882812,417.8258666992188
424,117.31607818603516,112.55445861816406,98.6681137084961,347.9982604980469,85.6802978515625,413.0651245117188,113.24209594726562,405.6190490722656,110.63156127929688,418.9966735839844
425,115.87252044677734,109.92223358154295,96.51639556884766,347.9982604980469,83.43251037597656,413.0651245117188,111.00373077392578,405.6190490722656,108.80752563476562,418.9966735839844
426,115.3694305419922,109.13530731201172,94.56700134277344,347.9982604980469,81.98326873779297,413.0651245117188,108.92120361328124,406.3597412109375,107.93319702148438,419.8489990234375
427,114.9936981201172,108.38720703125,92.87451171875,349.5350036621094,81.98326873779297,413.154541015625,108.92120361328124,406.3597412109375,107.93319702148438,419.8489990234375
428,114.9936981201172,106.83070373535156,92.87451171875,349.5350036621094,81.98326873779297,413.2684020996094,108.92120361328124,406.3597412109375,107.93319702148438,419.8489990234375
429,114.9936981201172,106.83070373535156,92.87451171875,349.6645812988281,84.76078796386719,413.4814147949219,111.94670104980467,406.3597412109375,110.9729995727539,419.8489990234375
430,116.02173614501952,106.83070373535156,94.47418212890624,349.6645812988281,88.75151062011719,413.4859008789063,115.2362060546875,406.3597412109375,114.61686706542967,419.8489990234375
431,116.69720458984376,107.34493255615234,96.22064971923828,351.58673095703125,94.4817886352539,416.6628723144531,120.5033721923828,406.71429443359375,121.05045318603516,420.6088562011719
432,116.69720458984376,108.28894805908205,96.22064971923828,354.36181640625,96.09879302978516,419.7219848632813,121.24342346191406,409.662109375,121.65997314453124,422.1089782714844
433,116.69720458984376,108.28894805908205,96.22064971923828,354.5285949707031,96.09879302978516,419.7219848632813,121.24342346191406,409.662109375,121.65997314453124,422.1343688964844
434,116.3666763305664,108.28894805908205,93.90937042236328,354.5285949707031,96.09879302978516,419.7219848632813,121.24342346191406,409.662109375,121.65997314453124,422.1343688964844
435,115.9507064819336,108.52326202392578,93.90937042236328,354.6324768066406,94.87339782714844,419.51666259765625,121.1614990234375,409.54925537109375,120.4323501586914,422.1343688964844
436,115.61721801757812,108.52326202392578,93.90937042236328,354.822998046875,94.7052001953125,418.7899169921875,121.1614990234375,409.54925537109375,120.15996551513672,421.72076416015625
437,114.52796173095705,108.74626922607422,95.16544342041016,354.9161071777344,94.62088012695312,418.5148010253906,121.1614990234375,409.54925537109375,120.10320281982422,421.59368896484375
438,113.87064361572266,108.80030059814452,97.0376205444336,356.28094482421875,94.56208801269533,418.5148010253906,121.97950744628906,409.6715393066406,119.77948760986328,421.51470947265625
439,113.28675079345705,108.8871841430664,98.2233657836914,356.3072509765625,94.36672973632812,418.6490783691406,122.12826538085938,409.8145751953125,119.50236511230467,421.51470947265625
440,112.80438232421876,108.96105194091795,98.54085540771484,356.30841064453125,94.36672973632812,418.6490783691406,122.12826538085938,410.2546691894531,118.95394134521484,421.51470947265625
441,112.72917938232422,108.9748077392578,98.6516342163086,356.8094482421875,94.36672973632812,418.70947265625,122.12826538085938,410.4976806640625,118.73114013671876,421.6739501953125
442,112.51136779785156,109.55747985839844,98.7445831298828,357.1221618652344,94.36672973632812,418.73382568359375,122.0865249633789,410.82421875,118.58634185791016,421.9708557128906
443,112.37647247314452,109.7666473388672,99.60433197021484,357.373046875,94.78661346435548,418.8639221191406,122.0865249633789,411.31292724609375,118.29248046875,422.1101684570313
444,112.21989440917967,109.8638153076172,100.64212036132812,357.4822082519531,94.82379150390624,418.8841857910156,122.0865249633789,411.613037109375,118.27108001708984,422.1390380859375
445,111.91878509521484,110.1103744506836,101.62907409667967,357.6904602050781,94.86852264404295,418.8841857910156,122.1009292602539,412.090576171875,118.00873565673828,422.1482543945313
446,111.65144348144533,110.47805786132812,102.36921691894533,357.9080505371094,95.10094451904295,418.8841857910156,122.13987731933594,412.371826171875,117.5628433227539,422.2144775390625
447,111.47012329101562,110.8319854736328,102.78759002685548,358.3775939941406,94.98143005371094,419.3468627929688,122.13987731933594,412.9375915527344,116.90375518798828,422.50103759765625
448,111.46764373779295,111.0708465576172,103.49352264404295,359.1888122558594,94.98143005371094,419.6317138671875,122.1009292602539,413.35107421875,116.61631774902344,422.784423828125
449,111.27062225341795,111.0708465576172,104.01164245605467,359.3494567871094,94.98143005371094,419.6317138671875,122.03766632080078,413.35107421875,116.447021484375,422.784423828125
450,110.6926040649414,111.0708465576172,104.4919891357422,359.5262145996094,94.8694305419922,419.6317138671875,122.0154037475586,413.35107421875,116.3798370361328,422.784423828125
451,109.95095825195312,110.42124938964844,104.6989517211914,359.5429992675781,94.61448669433594,419.477294921875,121.71134948730467,413.3283081054688,115.96321868896484,422.72210693359375
452,109.58837127685548,110.42124938964844,104.86906433105467,359.5429992675781,94.61318969726562,419.4116821289063,121.69482421875,413.2401428222656,115.81971740722656,422.68841552734375
453,109.58837127685548,110.42124938964844,104.87117004394533,359.8526611328125,94.59172821044922,419.3399963378906,121.66314697265624,413.2401428222656,115.77295684814452,422.68841552734375
454,109.58837127685548,110.53843688964844,105.06037139892578,359.92535400390625,94.50875854492188,419.3399963378906,121.59178161621094,413.3283081054688,115.77295684814452,422.6899719238281
455,109.60870361328124,111.0370101928711,105.5864486694336,360.2137451171875,94.47760772705078,419.3399963378906,121.46815490722656,413.4227294921875,115.53495025634766,422.6899719238281
456,109.87010955810548,111.38854217529295,106.22303771972656,360.3852233886719,94.0809555053711,419.6514587402344,120.7530746459961,413.9175109863281,114.74280548095705,423.2579040527344
457,109.9551010131836,111.98741149902344,106.22303771972656,361.1612854003906,93.5423583984375,419.95697021484375,120.2109603881836,414.5268249511719,113.48168182373048,423.7019348144531
458,109.9551010131836,112.16622924804688,106.22303771972656,361.3955993652344,93.3040008544922,419.95697021484375,118.96369934082033,415.5283508300781,112.0186996459961,424.7371826171875
459,109.9551010131836,112.38761138916016,106.13694763183594,361.4566650390625,93.29100036621094,419.95697021484375,118.93663024902344,415.5283508300781,111.93262481689452,424.7371826171875
460,109.62229919433594,112.38761138916016,106.052490234375,361.5806274414063,93.22620391845705,419.92919921875,118.92900848388672,415.5283508300781,111.92149353027344,424.7371826171875
461,109.45751953125,112.40190887451172,106.0152816772461,361.5593566894531,93.19901275634766,419.90472412109375,118.8909149169922,415.4651794433594,111.92149353027344,424.7254943847656
462,109.44498443603516,112.38761138916016,106.0152816772461,361.5953063964844,93.08819580078124,419.8677673339844,118.8887939453125,415.4651794433594,111.92149353027344,424.7254943847656
463,109.3882293701172,112.2394027709961,106.0152816772461,361.6661987304688,93.05490112304688,419.737548828125,118.82112884521484,415.4280700683594,111.7789535522461,424.7252197265625
464,109.38455200195312,111.43035888671876,106.45626068115234,361.5953063964844,92.95899200439452,419.11724853515625,117.8439712524414,415.3398742675781,109.77647399902344,424.6029968261719
465,109.20345306396484,110.92548370361328,106.5086441040039,361.5593566894531,92.31541442871094,418.2970886230469,116.92537689208984,415.33154296875,109.6194839477539,423.95556640625
466,108.99071502685548,109.30756378173828,106.74977111816406,358.750244140625,91.25123596191406,413.0246276855469,115.90814971923828,408.7261657714844,108.5761947631836,417.7925720214844
467,108.99071502685548,106.03932189941406,107.77411651611328,354.548583984375,90.36890411376952,406.1656494140625,115.6946792602539,401.9839172363281,107.66612243652344,409.1086120605469
468,108.82952117919922,102.0098114013672,108.93213653564452,349.2744445800781,88.54701232910156,395.6245422363281,114.12808990478516,392.183837890625,105.79192352294922,396.8413696289063
469,108.1923599243164,98.47868347167967,109.59113311767578,346.3684997558594,86.11753845214844,387.4917297363281,111.4889144897461,383.7938537597656,99.3982925415039,384.2092895507813
470,108.99071502685548,96.32017517089844,111.82125854492188,343.1341552734375,,,109.64733123779295,375.9768981933594,92.6161880493164,376.6556396484375
471,109.07637786865234,96.32017517089844,114.33399963378906,343.1341552734375,,,109.64733123779295,372.9454040527344,92.6161880493164,371.0787353515625
472,109.21680450439452,96.32017517089844,116.37493896484376,343.1341552734375,,,109.64733123779295,372.7786865234375,92.6161880493164,369.6246032714844
473,109.21680450439452,96.32017517089844,116.37493896484376,341.4938659667969,,,109.64733123779295,372.6033935546875,92.6161880493164,369.0991821289063
474,109.21680450439452,96.32017517089844,116.37493896484376,340.8760681152344,,,109.64733123779295,371.9658508300781,92.26360321044922,368.89068603515625
