,LKNE_LANK_length,LKNE_LANK_orientation,LANK_LD3M_length,LANK_LD3M_orientation,LANK_LD1M_length,LANK_LD1M_orientation,LD1M_LHLX_length,LD1M_LHLX_orientation
0,218.40070336364212,97.2461441457762,53.78179911730764,78.2790328994528,52.3018793188751,97.67168749871853,16.42480033371307,60.52870657513196
1,218.0300546524556,97.27001693661016,53.7427675672016,78.41211825420231,52.319599451530905,97.81295509154268,16.48973084978666,60.358384219719085
2,218.03484304734064,97.25532479380811,53.64186439793057,78.44982715708103,52.236184701307685,97.88624818497908,16.549158971747463,60.057375569483554
3,218.0639387597977,97.24151975235438,53.60473114935158,78.43194380953611,52.18547516568655,97.87380007487752,16.571585560481623,59.95568515120985
4,218.13238782967596,97.22063471716108,53.487785088460704,78.42106710564777,52.07493355769979,97.92679134208328,16.581578966012817,59.84561664005089
5,218.15100818274237,97.19892463916452,53.527284119267,78.32285930715494,52.13222133440495,97.91225110971408,16.576357193808242,59.43156340457057
6,218.2158132921098,97.19966275318254,53.52498075145471,78.31042399259816,52.13394098388346,97.92583803498916,16.585298684505315,59.355926083073854
7,218.59399311482392,97.25207974958737,53.5545789159326,77.85572538473453,52.16975630045815,97.6670022833742,16.577271282804098,58.62891569380666
8,218.7945329369644,97.2515397782502,53.611089552263,77.71907616283659,52.22180160431543,97.5264797532802,16.595807363207292,58.448727676053835
9,218.9025081516548,97.26220006716652,53.62260828934963,77.66266473566252,52.21877622898212,97.4671225732798,16.602723074464002,58.38315242843335
10,218.9572515469832,97.19372745180848,53.65483746168508,77.69447547381652,52.225686523849525,97.45978086353186,16.595436707545176,58.35689813752292
11,218.95920873042235,97.19778391306768,53.639579322226425,77.76941571299177,52.224629267136365,97.45091711988265,16.625368632525745,58.39019302629535
12,218.95081436091857,97.18036913941091,53.63259799857121,77.80525890407826,52.25551112788461,97.43164095296711,16.57822293132887,58.75239328570996
13,218.7545319095073,97.21719938860733,53.71311639598774,77.69832376484432,52.27597426053589,97.32980993653808,16.579282905829476,58.6515563696679
14,218.6590491190649,97.29009660345145,53.85792545185202,77.532094670448,52.36002159681688,97.1156097345736,16.56393467418928,58.61920971348263
15,218.62887031436424,97.26586012072497,53.953080163418726,77.54072950621594,52.40605137059248,97.10932759788416,16.53522341091433,58.39475962487141
16,218.63665255938605,97.2625687426852,53.984214291554615,77.51520677028444,52.42097172970021,97.08290749341224,16.5688326903325,58.55603173377203
17,218.81004988232144,97.24964931021503,54.08077630569832,77.52338687591106,52.46200969970025,97.07979031928294,16.525045128950712,58.56396887265615
18,218.7637571066507,97.25422117754805,54.215687612688654,77.5414071487609,52.52081991909889,97.05608877341508,16.46851201876259,58.51932795482972
19,218.7637571066507,97.25422117754805,54.32156904144143,77.53024815214881,52.52685311706843,96.9992787776645,16.431407007967845,58.64833154448864
20,218.4490633494845,97.31322950131026,54.37036274845527,77.51846434193509,52.592154139978696,96.96175583884674,16.290472193794027,58.36558035989819
21,218.45268472563453,97.32229112746371,54.49792733537735,77.51412371078482,52.59418014234944,96.92680605147156,16.316726301514176,58.17699912135237
22,218.5166474571745,97.3854840719731,54.49453566770617,77.43135910130536,52.57768449576876,96.80198874674824,16.293845131984508,58.10727556610841
23,218.89307332982983,97.39693374784171,54.230014937391935,77.42352336698505,52.23514752062969,96.8856302286512,16.314974898214118,58.00804471252083
24,218.8373502267099,97.42916809620829,54.26279144033375,77.43296100486948,52.282656721200375,96.88606346747966,16.245926651653665,58.0836839428287
25,218.8389427333255,97.43199435271902,54.29567813929157,77.51986892952327,52.32108888485989,96.97916528118736,16.176749861421943,58.28956617956311
26,218.18551731616105,97.48760548721272,54.27636643179859,77.61231247209652,52.32199762863224,96.9790434619214,16.17597101536541,58.28786166423957
27,218.1846322884997,97.48763603346046,54.27603900775212,77.61523802722988,52.32227025181007,96.97900691696675,16.170207999673714,58.27524314782977
28,217.7917522531044,97.56080402741256,54.46716756257148,77.43169947314644,52.53865326069033,96.73819323515828,16.187713506945922,58.07942437525247
29,217.6420908617276,97.54931837599152,54.36837088543831,77.40848615184129,52.497186683531694,96.71447953635668,16.0895756673825,57.972603053512
30,217.52386218196716,97.37511515188318,54.39705158172659,77.42453787885205,52.52828308804588,96.71048632718828,16.0895756673825,57.972603053512
31,217.498289268524,97.35177815682214,54.39083529301847,77.52203629732243,52.55487395859259,96.82521014136648,16.10154716228749,57.90456681730147
32,218.27089585600976,97.24448876994911,54.76263192963427,77.97060745921608,52.96984563589721,97.18424964098328,15.848730212264956,58.82187066349114
33,221.1640074492216,96.87476012011004,56.01797606024914,79.03703993146235,54.42438968253738,97.7981769006792,16.07303420591716,59.30447215823776
34,224.9649314150257,96.72397568039658,56.47296720983893,79.12644670750723,54.98134761061292,97.71869791881682,16.406097623140163,59.99255467566343
35,224.76273147850745,96.65061648848344,56.65002025176737,79.09124144034385,55.12872201449513,97.5524176859906,16.350252080298894,60.33316716780769
36,224.6979171776591,96.50733791828875,56.69899416745217,78.83737542252314,55.0956793754144,97.28866424725598,16.442664917897204,59.77265027320817
37,223.44095714524764,96.55237893393702,56.5346779265729,77.71153246975865,54.8284099715291,96.21323208780306,16.4650831033181,59.818093477073646
38,221.78059983477849,96.04404761134536,56.28047102164104,77.78488111595571,54.75415079530076,96.38839072698298,16.478934863641108,59.20732451418337
39,221.3782743665866,95.80129533578106,55.51619395471428,77.7933452587185,53.85933499340636,96.66787432086085,16.095618984726975,58.41910405197271
40,219.9849408695896,95.18129684479992,54.40898158012668,79.9504024679809,52.97261435326943,99.23105467240528,15.80615233432992,57.7717979363116
41,219.60537047486264,94.41833665754392,52.618494004939706,82.85350128950638,51.623126859092125,102.8101782121288,15.214758715809722,56.35664375988917
42,219.3554753230316,94.42338015371024,48.36796105912613,79.79946318736843,48.32768754362646,101.43838803757173,14.498226706381546,53.35292886471889
43,218.04076231427624,94.45010525861343,44.85922308738444,78.63838099474766,45.117208753328974,101.3099628761348,13.426971829150624,48.424627020654555
44,216.62583854928863,94.55412227775228,40.61399855543917,74.80721455367774,42.00315150955418,101.1110769179826,13.573082906427045,47.26417448455061
45,216.4794002013437,94.62011369361068,,,39.99421860074954,100.49774459491589,12.801291155452196,46.56398120944999
46,216.76640680393064,94.6139832286377,,,37.68882857214572,100.96891586568636,13.758652418073895,50.6074235051926
47,217.2306447064876,94.51775820114057,,,36.95532374270217,100.23352748804396,13.330845558629894,50.45382748934355
48,217.36905440901972,94.59133425615876,,,36.511837201527925,99.09015680956266,13.021671141377489,51.37349330515161
49,217.43665691102,94.72824133537968,,,36.10170448123512,98.5716677293322,12.770193738751544,50.947027562844426
50,217.43665691102,94.72824133537968,,,35.74273320939685,98.65841264670696,12.8621949403043,51.27874989479386
51,217.4796847548676,94.72730373523817,,,35.734889086037505,98.6603278506476,12.549264855893243,50.123836880370106
52,217.5578022051552,94.50204192737596,,,36.017212039385115,98.53716293127374,12.687685801484538,49.46312343789094
53,217.39410973362385,94.28264476175109,,,35.84807542722565,99.27780272300714,12.642722248016208,49.43243529391137
54,217.66732414392172,94.29836884659272,,,35.48240487830184,99.94610972497682,12.538879371143976,49.18600508398623
55,217.71521612505057,94.29742153412543,,,35.55464332402479,100.07273682419762,12.58629155475894,48.93671254042508
56,217.7540927412472,94.2966528545695,,,35.55464332402479,100.07273682419762,12.58629155475894,48.93671254042508
57,217.8750405444701,94.28615089224152,,,35.61833521019547,100.45511093885428,12.682355851214194,49.313743014035424
58,218.01189295197696,94.34920001751745,,,35.673995174123355,100.85033689500167,12.825762640797372,50.682272453494534
59,218.7393610039441,94.3985709359214,,,36.45416991767932,99.51248134700872,12.484312699562931,50.97496925071869
60,218.72687854914264,94.46374890692458,,,39.6373688769857,97.34275214906154,11.901251786449874,39.258431337739296
61,219.7344047132827,94.2321488941886,46.01674184008788,73.97602892188205,47.24016694683214,97.27042175387402,12.702881848378356,43.49483154694178
62,222.6547637974496,93.76529107228691,54.74719451492968,76.59707983883001,53.72927602297474,98.26973914847244,16.38327520782638,55.77307360790218
63,224.22156375033975,93.67071777119769,57.49138639898621,77.48703329158302,56.10630466658414,98.42251264937516,17.00358491529767,58.4540789377817
64,227.3558232341118,93.5180466238104,58.21687539370317,78.00638229755046,56.34440050376732,98.8876948571175,16.79990588704683,60.366437327114
65,230.30301692403472,93.4701980326803,58.81623308392782,78.14146261385598,56.4881742575231,99.0675309667118,16.7597944616551,61.73987746962065
66,230.21850564734825,93.3602737712308,58.94052468471671,78.18428964160843,56.63854745373658,99.05436801630418,16.680369242654578,61.81866094247674
67,230.72676334995683,93.33730476476724,58.933570565617806,78.48629748792685,56.6795285000882,99.06693150375078,16.639448244642555,62.07202132341308
68,231.5044308020645,93.3260814914287,59.18446959894024,78.60022866918614,56.98751581962029,99.12187216154364,16.343241398673257,64.04739473442795
69,233.16366891067693,93.302386107866,59.53123561634344,79.25438215340102,57.208181522506734,99.13060704438328,16.011129483225314,65.25919395886771
70,238.99058626919884,93.2704307402378,59.27235332596186,79.75518453907105,57.47347075738934,99.4281166215969,16.268174045259425,65.52253686484713
71,241.5062440996264,92.8817703746434,59.62148691227343,81.78624697797069,57.94370680821324,101.37987218644584,16.57993958539941,66.27596035423606
72,241.68712296793203,92.89147366096176,59.63676859172124,81.79906013935516,57.95910884696181,101.45527422834677,16.60458999607478,66.08314980322851
73,242.77676536463477,92.89578150234908,59.88336877378653,81.9929399190711,58.25673489551264,101.54924814315072,16.561824205535316,66.44775369804373
74,243.8278987763925,92.86991059655855,60.04497682759178,82.0694100106085,58.41245401882348,101.65615462155048,16.613312336694214,66.36134745618557
75,246.28829020963437,92.65145943614448,60.91979825041361,82.9485096319782,59.50222653483151,102.25344494182164,16.589159163014617,67.10014602689154
76,248.6339343671313,92.43501196842467,61.327568988582165,83.77611089472198,60.02894499375254,102.95572668950231,16.915992783735945,68.36349046437824
77,251.60148369421,92.04131245253431,61.17200567566964,85.02478500454839,60.32674192522422,104.22510441477569,17.5873056958379,69.24236847468195
78,252.93055224338065,91.34789439463246,62.71603509632854,86.96734974710273,61.677963486072976,105.95921403972731,18.540295889992965,70.1741784524911
79,250.86493745604676,90.09695970593395,66.2021564648193,89.84185821411836,65.47040010446985,108.01640920570388,19.21570553209525,71.38799790025813
80,249.49159756054425,88.89925088891214,69.57595764815954,92.11626567281644,69.3555548572704,109.86219568904409,19.60422637115543,71.60998142438561
81,248.775527593289,88.82916779223932,70.72787375772394,92.31528107906212,70.4454322883053,109.82926712019832,19.83231240650934,71.69450008639377
82,248.06216798398796,88.5930054525448,71.62331612844233,93.0761892042611,71.61027571075239,110.40112794961082,19.998357122605,71.63512741552378
83,247.92108759566588,88.50378396936173,71.76502288580443,92.9343335904364,71.63511486496435,110.5562823369692,20.18256016446592,71.82149777341705
84,247.8068043542928,88.50802762165732,71.76502288580443,92.9343335904364,71.63511486496435,110.5562823369692,20.16531075005988,71.97135073918508
85,245.7035037009667,88.111630193295,73.3640086852682,93.9487060630056,73.51034336297361,111.14912257041335,20.12837102681096,73.3055650304526
86,245.1999395107614,88.2208141578096,73.38066399063499,94.13281761220098,73.56323027224245,111.33068538413802,20.131528026715884,73.30825970418134
87,244.6288138828865,88.36843238218727,73.39452330609687,94.27993859481796,73.44595774959193,111.52478034108078,20.27711956109766,73.43157792818745
88,244.864926301011,88.52118936042066,73.40649634950543,94.48024612934996,73.25455223322699,111.72862057147792,20.25781896771782,72.92166155019088
89,245.0993396727859,88.571112693094,72.96014853950793,94.35888352118344,72.83815466771955,111.69916001387756,20.20035808312428,72.87158288638808
90,244.56940475951808,88.59711937899051,72.9237127182173,94.34419675142756,72.71952892042529,111.69378253851984,20.18498919302693,72.85813787312989
91,242.9965204495429,88.72441122348725,71.72843800785449,94.10486566383838,71.14068756928395,111.01795186090156,19.92020532331866,73.4007543367136
92,247.1664716467589,90.72180936738452,62.64630591514461,88.03172556976126,62.550966715774834,106.87817482330918,18.2248307837476,69.31303374149054
93,242.62038824523663,92.7539539704585,58.52508505598915,80.0070470263308,57.36852990413153,99.07912632214372,16.880520691631787,69.50215936707656
94,230.9982171714741,94.11906232160464,59.32741098094983,75.31001666715088,56.55521278478942,93.89395658267298,16.46385302782171,67.86145762121276
95,223.7503204909955,94.06420743733229,58.67929059569472,75.28071543223732,56.55521278478942,93.89395658267298,16.584588777386042,63.21702034975941
96,222.501932625186,93.99619117728976,57.25666230192749,75.29729054310395,55.14399622283211,93.7279398550848,16.31357172870024,60.38830157653743
97,221.18607117772757,93.83675284355613,54.08789941135198,75.47333802377939,52.08594222729092,94.72574376252264,15.564289959313047,58.80804986115129
98,220.45049496550703,93.94126133410292,53.73537120835198,75.83253585937052,51.94622236396213,94.7384836248797,14.908854073565426,56.750072558840884
99,220.07073575847585,93.94807324223842,51.53921986188576,75.21537911538555,49.439406852364165,94.96693195437297,14.3528793009705,55.013039777831494
100,218.60394967133527,93.92680508405796,48.17752795370056,73.51384188393247,46.887361537060045,94.47370485691332,14.028874920810422,52.27350947057775
101,217.981862396106,94.15905019803914,44.310686326582,71.5062272688957,43.981608011100455,94.37650915167087,14.190737985511053,42.6347016743681
102,217.6496135895909,94.2610446828134,41.55519440023387,69.31119271303362,41.56802445071002,93.52706545859265,13.842709474903597,38.43815583337792
103,217.0317800716582,94.28273462200636,39.57899648101156,67.84303236604923,39.2657675767346,93.54982359593455,13.826450301246004,38.46208925854029
104,216.65290822909245,94.46831220328328,,,37.79168901959159,92.75092167307082,13.579539900808212,41.25428437846347
105,216.1640293783768,94.71300225885788,,,37.63247853235708,92.29957400468123,13.347425938953714,39.05921102642961
106,215.6219832062442,94.91950234424463,,,37.03578580820752,92.53393120535029,13.465211565126763,39.67278533848017
107,215.13875342484891,94.9295720496582,,,36.74690191763692,92.55974708581296,13.505999629569176,39.88095070110748
108,215.2369683606765,94.92731707006548,,,36.71913164053331,93.43724861393432,13.509264981033956,38.637310237938095
109,215.0399028198181,94.9037282915048,,,36.8048461993336,93.82124847017076,13.48290126445064,39.37703951943155
110,215.0359295575104,94.89137339917384,,,36.81317653252172,94.01067367018088,13.798185234994962,38.31062087703694
111,215.1744763431855,94.847756764586,,,36.50899403934045,94.05355536033404,13.854605614292373,38.731138758764416
112,215.786238965572,94.83398043075404,,,36.675581217882296,94.08183280922668,13.79987314810909,38.716540952248295
113,216.24082006468,94.81193065672066,,,36.69464204608816,94.1495544086925,13.701717872108253,39.053068697889785
114,216.4118245627217,94.81445596872798,,,36.56050493280912,94.1648055616306,13.607352276727491,39.37617927482762
115,216.4118245627217,94.81445596872798,,,36.56050493280912,94.1648055616306,13.607352276727491,39.37617927482762
116,216.6395685280765,94.80751584039623,,,36.78299048687708,94.25427405437318,13.654641737790923,39.178320066756385
117,216.59327746551017,94.7914722945444,,,37.264487641128525,94.15975588645874,13.529779005197256,39.37945924234168
118,216.8517357688875,94.69422777713768,41.44691959203861,67.5721000355513,41.56990911803927,94.12797382317368,13.177371659383669,38.2359160595102
119,219.1591181887922,94.38284414695946,50.59030135300634,72.97253551407393,49.81120692985935,94.48299277913304,14.858287392695551,47.62436030173811
120,221.97217725494588,93.77828774633224,56.05427972486591,75.20143105757185,54.08308477158489,95.71334045230536,16.456980578305828,57.08525957948079
121,223.60277558826024,93.77598053359,57.93200882805353,76.09049321371204,55.53244254446035,95.98601929755444,16.55250901673659,60.37805899372299
122,225.7461752137092,93.58682437688394,58.981299161054906,76.88854920836846,56.340301796614966,96.5474298270712,16.56511815777275,63.05527172229844
123,230.15473744321685,93.3708899871316,59.27601258305838,78.15517701830187,56.76939731344355,97.73105925403704,16.969310600113047,63.74687380282279
124,234.64522903662683,93.14996672845751,58.8597132943665,80.41739575041055,57.11923618691007,99.8458166347637,16.785245804241782,65.24877064981318
125,236.83236461763917,93.12084799858268,59.38876092383932,80.29508386144597,57.56480714240768,99.76885653339868,16.867927980773718,65.49717211132916
126,239.9937695613333,93.07969759401853,59.390361590458426,80.28605865733361,57.47753122008089,99.78383567471164,16.9598679407171,65.638660705093
127,243.42035790277063,92.86552430017832,59.29112866556935,80.75117925137738,57.629425120734446,100.66841298225748,17.443011765230093,65.26826005490646
128,246.3620238066005,92.39479737143763,59.07267359080948,80.6535797559851,57.44406703814022,100.7032427891279,17.60369087940078,65.64266352465263
129,248.04862197226916,91.90038659050062,59.539534975253815,81.798971450822,57.72226609075401,101.89444297319598,18.158745402486865,67.37899437091036
130,248.11031495956613,91.40471939934004,61.50985084578571,83.63357383121553,60.0092773847529,103.13322401097064,18.717963937994437,68.15100003128093
131,250.2769981061142,91.32203686133502,61.82953382657463,83.50561071876228,60.26092313097851,103.01499176230652,18.68317903390614,68.90835529686507
132,251.48101913299968,91.24569362151747,61.84646289425352,83.44560313733207,60.12323852927164,102.79298425604156,18.75222812117718,69.84280848548141
133,251.8194926088987,90.41397628327832,62.58427857859582,84.4632941358965,60.90203828776063,103.64818159148696,18.830876073488227,70.25005530529072
134,251.4272469450168,89.35000593676092,64.24435430091042,86.52485097838151,63.07100959985254,105.07601051025291,18.863469258232733,70.71079805841208
135,251.4704070364838,88.4927545196788,66.27762523362648,87.94906991174292,65.12434901841387,106.04332167122342,18.91978654326835,71.05911374844133
136,248.9076456573032,88.1577217074096,68.88137808719442,89.15407717917833,67.5627113228924,106.58055622867056,19.31192233017877,71.78790660491305
137,248.9076456573032,88.1577217074096,68.88137808719442,89.15407717917833,67.47792423530528,106.60199288664336,19.38400398506932,71.96052815359371
138,248.84320055061283,88.69834937443527,68.64040713074994,89.1511072416396,67.47792423530528,106.60199288664336,19.407196517800724,71.58245926657627
139,253.97446036601735,90.36594295052964,62.1577811367236,84.62551484533041,60.039429967647415,104.21443833868074,19.53735258468273,68.84343423409243
140,251.1394431979073,91.7239088471906,61.30842698668658,80.78665278483719,58.71452027016327,100.28231357962191,18.76058963575532,66.85668264692674
141,248.0988019161226,92.06979526039436,61.27264010331886,80.78122473165904,58.76694900498711,100.27304062033802,18.543566512999494,66.22921164723238
142,248.04131647137552,92.13901033379848,61.20167043893558,80.77044122927691,58.715245528243024,100.16577382060764,18.54320692662188,65.53797139815372
143,247.7339976455942,92.17971402772376,61.03446902616994,81.79253684675209,59.01256176009407,100.47855589861751,17.894594677088442,68.45045908898298
144,245.220253301531,92.24659665348888,61.0771069500171,81.51972650658983,58.948087833538594,100.13412941168244,17.644644866221384,69.19211775767934
145,241.30470113131395,92.20302251381015,59.48736326094531,81.49846089052558,58.10317993369231,100.38837631936435,17.093554837288075,68.94965880632965
146,235.61507203494511,92.25624825772285,59.41664905024866,81.44541676153565,58.03150383342567,100.20613372700636,16.48849828042948,67.01458612326732
147,233.32487412801663,92.03633286081708,58.929686314364986,81.18142517770266,57.56318643267938,99.8522274205112,16.203171597085458,66.39711809995045
148,227.50017374895472,92.0860693806642,58.5475115327313,80.19822237179211,56.90807701579457,98.8121582213575,16.181245291813976,65.38583689164727
149,220.77839952781667,92.00080638923984,57.407020295444525,79.89063096006791,56.01875903927707,98.49661332635618,15.820102897251887,62.08487914677163
150,220.3794140351305,92.20544335820505,54.14155888981277,77.55981140884352,53.24572749884188,97.76173328867972,15.582059669697328,58.64525797925833
151,219.0588039503557,92.03692183036672,49.265748445327546,76.27549743150261,49.731008956457416,96.83358948100371,14.64194132804319,50.33515873816273
152,218.27308448157052,92.0366542569268,46.3618441582557,74.84415197827965,47.27546790813456,96.2156169693686,13.016261465768402,44.109066122239
153,217.49690430641783,92.25933851655576,44.12805275829506,71.61376859277547,44.78481465508892,94.91118431840648,13.80452276528021,45.8785286248079
154,216.70594170848415,92.26758925565072,42.83992853460203,71.04016940546039,42.64380988403051,94.79247286132694,14.223244033691527,43.446886872565756
155,216.04941025200625,92.45869204980566,41.421013895382245,70.36450550403507,41.26945964810237,94.95246336038528,13.349709111737928,39.329084777107084
156,215.09222300175216,92.645988098699,41.22548776389497,68.82668969252876,40.83176350241487,94.05486580335084,13.10899263841562,39.565393133341445
157,214.1765480693524,92.84084573370504,40.90338037239849,68.31806637443316,40.72786950642884,94.07734278671484,13.20035818343375,37.99731675830975
158,213.75569079650936,92.84320439794573,40.285189872279474,67.96098070011861,40.41260488937904,93.90296699738124,13.43380260034802,38.063046019152694
159,213.3154584979114,92.8451826880826,39.64444627687486,67.45205038609892,40.12889680330672,93.9513281763341,13.576799553874254,38.82721150031992
160,213.21333684998143,92.83940302921252,39.23162430337256,67.4063349803358,40.01454378554256,93.96195930973693,13.156155492859462,39.23715694473199
161,213.06716483435537,92.83693616693309,39.02186046709669,67.258092625745,39.84027080866168,93.99867575637477,13.172360920943856,39.37750838152846
162,212.9664707460311,92.83332581691808,38.93544400763731,67.20477784630789,39.57099609707133,94.09007463412684,13.13215114751964,38.946979130295546
163,213.41592135170237,92.80024739114796,38.49885975817404,67.00406008658761,38.99346690181053,94.35305695843654,12.855911817114007,40.4316869643049
164,213.59224753648715,92.90453676377484,38.38243255480807,67.50551772736598,38.86731526501481,94.91815813631386,12.6687528847781,40.96040361497592
165,213.91259187565316,92.85549678580288,38.43316090054957,67.47215109833964,38.8286869828836,94.86369723702352,12.569531131920268,40.43661925373232
166,214.3235041791644,92.74687075528313,38.12406692405237,67.3350646869291,38.51228134391247,95.05453442648071,12.641743068153568,40.89984068626012
167,214.35484319467676,92.7072210607894,38.08146015374288,67.33879699076822,38.62307574527882,95.01656971843236,12.543415932493524,40.37859385029017
168,214.2929997767241,92.70800292750198,38.59538480695653,67.65696497161136,38.69030115543875,94.86140544091806,12.515754747077258,39.779929295870886
169,214.1837622214409,92.70938508762032,39.42465013289205,68.15142819321723,39.13901717489432,94.80553919436424,12.846185699862392,38.623819769471595
170,214.4075429710614,92.87294646959238,39.96169671851614,68.50702968031024,39.989594756429966,94.74712005296884,12.6675511126498,41.70856430235105
171,216.64070842849347,92.70001478981672,42.40754531248898,70.24706921769884,43.59203292272935,95.0440575336474,13.299350400746365,46.000883579885965
172,218.85620065010335,92.3719575825011,51.5406113014917,73.93228619874543,51.5389092072984,95.34233801629443,16.60074643771602,58.018989502239066
173,220.90514865113235,92.16344634231056,56.83728439240197,76.45294815463406,55.33989226241453,95.96292311524226,17.370274943164677,62.93128697612535
174,222.35349075503925,91.97316463799326,57.4624417145465,77.43586378368855,55.78738519886331,96.82132836892954,17.045677847768047,63.52275306984595
175,223.1774864906639,91.83423612528996,58.349135701710914,78.39513175921522,56.28503977786365,97.48893166519665,16.787400411271072,65.09395920058378
176,225.64594076946065,91.9150393008548,58.846963478176654,79.50541739234944,56.70429115570027,98.52660765043746,16.661858511023514,65.82548717425217
177,228.91977071163524,92.2367038217971,58.956000750995216,79.59680560853884,56.78393776559967,98.52411794274212,16.670532970982226,65.8102990952854
178,232.1391607466676,92.2605755161763,59.05051597985918,79.73842810491479,56.91526767877566,98.5319656876104,16.667715417830042,65.75153837803293
179,233.14458987378472,92.3935657666424,59.67752902361455,79.69242413786108,57.46910967197815,98.11162173990564,16.768432827830758,64.99996708964623
180,235.38948969796155,92.37072532994208,59.536455708722485,80.22418825474948,57.53856117389627,98.5832359531133,17.054054287523087,63.666686407426
181,239.05664945599307,92.32711628971472,58.93569345732556,80.13078716514958,57.05195365457416,98.67219477007312,16.967390078083508,63.40195096887567
182,241.0904216695461,91.67029624104424,59.19721158928324,80.44941674580224,57.437043733373685,99.0029791111229,17.2626115922745,63.05697768197578
183,243.28078635844832,91.52513517793322,58.99066556829249,80.95923718413697,57.49138370795971,99.66885721287832,17.36467829641895,62.79404044978463
184,245.96353700098155,91.43037250520172,58.6925033527889,81.13068313617231,57.04750224209855,100.019431080054,17.844241334468922,63.29515733709104
185,246.7452437180835,91.37986760292554,59.140066552903406,81.18909507197475,57.35181879010519,100.0972451403668,18.130570852738938,63.62329646646887
186,247.436229034278,91.33569793152668,59.10524342829766,81.13088525728568,57.36439762351548,100.11839924416124,18.161090105973404,63.60511112659651
187,248.09415108566017,91.02836005620875,59.07889012641755,81.12689708730757,57.34287553433599,100.25644720533404,18.260992541255312,63.297191467930304
188,249.97384844986092,90.9464701110729,58.83887380510801,80.89387086235472,57.31797349051326,100.37434457426914,18.56919406913913,62.89575275556635
189,252.12277038245992,91.01162117650289,58.73402081964368,80.51033876519335,57.12871951570111,99.96010244265406,18.690353578594863,62.99547890819339
190,253.7477365914837,90.9749387232266,58.548059724390015,80.19511762375261,57.03887394344585,99.723059789946,18.759657151704424,62.65682148066219
191,254.01245736683543,90.973922586419,58.3685238765563,80.19671847193922,56.84343966260551,99.85513148946724,18.899480572136373,62.60915832518556
192,253.90929388540343,90.98370934722357,58.44330509649096,80.24557369498305,56.96977206267957,99.91655212608578,18.967995474374845,62.29614222651689
193,254.3895592828577,91.02412319638287,57.8560582232752,80.18186819907649,56.49229756178585,100.17277994769697,19.00845350878301,62.16903616806658
194,255.08778655163212,91.25843702584248,57.84882392171055,79.57917416115342,56.3043141677969,99.6437992222422,18.991593428107592,62.03043492435583
195,255.10171965194928,91.31742905535964,57.81875505350011,79.667496071535,56.22674848179752,99.67868150271904,19.041628122853844,62.04472442997471
196,255.51390066689848,91.31944469775344,57.36808329204036,79.58542380621088,55.7437334418136,99.76336414076842,19.041285043131577,62.25858826081503
197,253.73035124803636,91.34685016521009,57.378559349188365,79.68235939001785,55.76831066014384,99.7373866107853,19.001412862853403,62.28674362939719
198,252.58294575865293,91.39863381171556,57.3688954976281,79.56635900041384,55.69233317106161,99.57835810007522,18.96378410379621,62.28071188963645
199,251.74458393429657,91.6914302691713,57.36925325988183,79.31069031147652,55.571868070279706,99.12002745109108,18.818350039833906,62.98895209972636
200,249.7366847938017,91.7050334779409,57.548591571330505,79.34439140267308,55.988266291076485,98.94116561050988,18.442751078707385,62.14665493809416
201,244.10497996385308,91.98895000580384,57.643054571513886,78.30693260012468,55.89468799810128,97.8615964896849,18.206206896057218,61.788644394722155
202,235.49723238974852,92.04230701719815,57.107587967623616,77.61565944508075,55.04458406285522,96.40231372740575,17.816779392470167,64.1945190148147
203,226.5940148939146,92.0266432143722,57.842940644290245,77.38598812651729,55.68188577433965,96.07338654055206,17.204551848745417,63.904872941210144
204,221.74376019458097,92.25894711304724,56.59960829131807,76.13320281109674,55.52847980173393,94.92364112281912,16.416354914966565,62.6021935926952
205,220.9295296441508,92.4188498429485,53.18403382367265,74.5713967793626,52.69154383370981,94.55213903439824,18.007382458549955,60.71680069956588
206,220.3843635837997,92.47876606661944,48.82459128301877,73.12231933289631,49.98812883769838,94.831777571009,17.587735439767094,57.916654924910176
207,219.5229863168636,92.43993402328373,46.92380725111879,73.63864667975331,48.043062547419936,95.1487430252887,15.864489032022258,53.47239274714181
208,218.2365998037429,92.94557537993204,44.81225271593235,73.44712513017996,45.25767936356732,95.67076211658916,16.536355336772285,56.75853088774586
209,216.72059038188732,92.9592871900992,42.875343054596925,72.67356366761068,43.89385528452453,95.845040324969,16.129234315976767,55.80542001251197
210,216.51794728773223,92.96532625181636,40.85027940034708,71.76707726533576,42.35274147217459,96.04173678993216,15.474243427681808,54.14092708110229
211,216.0814071672509,92.97876486865252,39.36729292499172,70.0722391116345,39.94440238107951,95.44873302954448,15.116121725991848,49.25905004059402
212,215.70957374566171,93.15548162608545,39.58409241683384,69.24850770679079,39.59938121669954,94.423647431213,14.20380981729409,43.61412320361214
213,214.8946332763648,93.18410500265112,40.23136444204565,69.8038243396171,39.44621101432457,94.24168066577175,13.647398374999266,40.09199970256208
214,214.4138096951882,93.24841523103107,40.35329475091284,69.5053700686022,39.55556167931687,94.3347249193842,13.566025053676457,39.68200698459995
215,214.15861448058345,93.1276925211656,40.06816865647614,69.79849182260453,39.24999189913296,95.04962563957072,13.766869512854097,40.67907484325255
216,213.7803391779064,93.13598465158807,39.92023278153159,69.69251233327236,39.17214733627725,95.41624138975104,13.97975319140043,40.5487520778083
217,213.46981617971497,93.14055096957492,39.96281315025064,69.68727495180559,39.48303243066877,95.62911106721124,13.987261374727176,39.968709566578866
218,213.11384985127805,93.12165641484884,40.131031062352704,69.7761508355542,39.66271188889022,95.6099070916524,13.883700769700054,40.32787045739252
219,213.0303157835436,93.11623577755816,40.13327858754108,69.76744296114862,39.66752994897804,95.68031600469058,13.85837398680555,40.32159553970183
220,213.01038435247844,93.11817592641609,40.14196527576676,69.73709970267923,39.69574581268047,95.79358023384188,13.9908072373172,39.54867960051686
221,212.74814837284316,93.09078709826092,39.92269240443755,69.6208790574892,39.3508221583454,95.8445390769141,13.947128683186367,39.33088267165908
222,212.78270996231396,93.0776319518715,39.93915419332836,69.60935898047121,39.375756769713874,95.8142885189513,13.9902631689649,39.545981199640096
223,212.78513379122788,93.06710055306864,40.10384493098492,69.7336786311139,39.5963631137694,95.78178419626693,14.147634882072213,38.037758193374486
224,212.83945663761875,93.00450913064928,40.456893529070086,69.94554338445406,39.88806156210246,95.76555224745296,14.009241938301122,37.30833077276259
225,213.10458816501796,92.97068414714482,41.49745409873629,70.5531952586684,40.4077653532166,95.99759733038746,14.300286302219154,37.95208378067957
226,215.62987027352392,92.891311929874,46.18160440644838,72.73539342076924,46.08692536587228,95.5625126925701,13.524387779137308,45.20414075983345
227,217.0874312495127,92.61753212350136,55.28531479629368,76.40160783004707,53.52964442130684,95.93036952883816,16.555320935505335,58.0612071189084
228,218.67642128165528,92.307526845655,58.31033987097548,77.68482203997914,56.21973921497984,96.9064507433417,17.11146367224917,60.098088503272095
229,222.15507676688213,92.2816071153018,58.997551550838274,78.6932846637576,56.85688874790459,97.83503499482056,16.549030418881934,60.78939245516739
230,227.29549339500232,92.37424420700792,59.36138515086586,79.10813600463277,57.19043578866096,98.19736103796951,16.391110770883778,62.99833294541632
231,231.83459807393552,92.54781566434616,59.94473673060529,80.3937786229724,57.87992849032033,99.29082137641454,16.631788143885615,64.34334242659106
232,235.16144457773277,92.44563367344482,60.17508517922001,80.72807975599665,57.9804873471361,99.751869523315,16.70075230235363,64.75704366720963
233,235.3791418014642,92.44337038543928,60.16364265447755,80.79506929768398,58.04213684853772,99.74972456028097,16.669518056050062,64.81090198910975
234,237.1025426952472,92.2566512866382,60.17295117110511,80.79650563989098,58.270401238398655,99.99988990546588,16.59691104646291,64.16294434335165
235,239.88039890268084,92.3222392732552,60.20655067308261,79.69352482977534,58.07648334580815,98.90354622811444,16.806099402709947,63.225848453795294
236,241.59344899705076,92.12773357671438,60.04832491255949,79.66606958529186,58.07717074470666,98.90787400967469,16.905244388861668,63.65577458184275
237,244.2707677379913,92.08634072934,59.97296988150652,79.6529422493461,57.76191863075082,98.9568901015216,17.1994412012181,64.14007707706061
238,247.19933810791915,91.69825325690276,59.21679208987074,80.83110718041412,57.5372043487712,100.54181845055004,17.9953564380221,65.12093682852904
239,248.63502756140116,91.47704704862106,59.71795626546505,81.19562965929192,58.22236213379654,100.95586549128836,18.16337858802587,66.86710816857183
240,249.4852903917252,91.25466103583696,60.10114270934309,81.25220534987754,58.46440877945251,100.90994999317552,18.298906186502816,67.04827515164666
241,249.24078424698695,90.7732594010123,60.1096826343964,81.65772994062674,58.66440366183371,101.28971921407624,18.460502303903755,67.13222274649593
242,250.0167817384612,90.5596228265222,60.1096826343964,81.65772994062674,58.39346914239661,101.34279488901632,18.715399942297505,67.46094246690402
243,250.842449162314,90.54930753712576,60.33065033781341,81.72410143680226,58.438502879236125,101.3710325905975,18.880076812847843,67.66818919403029
244,251.81351943653848,90.4225618546686,60.34894604717914,82.01599794229395,58.45026169132289,101.8162154970485,18.954116816811577,67.75790394818857
245,251.729133206182,90.53024978964456,60.45269643139669,82.93373370210398,58.50816562299519,102.66617635756262,19.155616922414225,68.43534459316183
246,251.7333449162632,90.62530809930908,60.47227237889872,82.91317531588668,58.499589440024856,102.62874667588656,19.17985264628496,68.25288993009576
247,251.4913682863772,90.92235245142984,60.47227237889872,82.91317531588668,58.499589440024856,102.62874667588656,19.146381163098813,68.21292891109465
248,250.61192329159476,91.2213284626763,60.48331470923319,82.46515721362171,58.88391674697945,102.04871944568752,18.637177862295296,67.67840263431094
249,250.04348212749977,91.46667566167046,60.394561960307165,82.08691958522222,58.66928200030088,101.73337416482669,18.613637659128297,67.5559367354084
250,249.4915983028245,91.6586633546369,60.22214122304123,81.86069172762653,59.14770743353349,101.4608035442318,17.80120878292686,67.59459908244554
251,248.80980122106052,92.10855733167816,59.86031134645465,80.1776750128597,58.360327036601305,99.87906622831996,17.66267494533628,66.72862286006458
252,245.6173894130452,92.13597592535687,58.98600304488524,80.03060950902474,57.4955223723326,100.02918443498424,17.534166604529545,66.54790155114111
253,239.45653396583936,92.08076969255023,58.54695804816681,79.80581650889368,57.34104185976841,99.90415102829084,17.716320230561248,64.28071072161075
254,232.8128204354164,92.46716697708509,58.52595271890559,76.9805067133906,56.18246245490964,95.64625738810884,17.47606307706275,64.75226691200243
255,224.5656720478782,92.50200122121404,58.32117050869813,76.9339837690346,55.715331171102285,95.07353265240572,17.181994128116667,60.25452544955546
256,220.27645546648964,92.52560792312472,55.41650045009957,76.03666289321711,53.44868507061668,95.02840200386817,16.19897069272117,54.950094510774846
257,219.49755091822783,92.45393503263408,50.91372463323804,74.71684788988676,49.824807364117575,95.33943257280228,14.552655816338122,48.04219668325638
258,218.4825157103261,92.45114416331904,46.931817963410985,73.91981885967871,46.52393596986284,95.60597526169148,13.606848352454223,43.46668483388285
259,217.7209159704925,92.46551136656376,45.26501949937842,74.16057676401499,44.66232290742177,96.43934875656016,13.783206757056735,38.23358662868716
260,216.1817774119288,92.63333519798124,43.995607527189016,72.92094200659373,42.80173693471048,95.957691471997,13.170645744722174,34.71175330999807
261,215.53192323977888,92.6412806348874,42.33244110394167,72.228025127822,41.01216795287273,97.0891997456812,13.656293597386382,33.05830636295295
262,215.1352998882673,92.69362950159838,42.36731155021027,71.87073826803889,40.51335029003915,97.57965157925469,13.774264926341385,31.974441613071065
263,214.10351565782588,92.83908451646256,41.78695079912284,70.97370033196364,40.141135298178455,97.36454890547758,13.638792778504143,30.581572298791485
264,214.1287029249327,92.99556917821242,41.40883514118905,70.6609337004641,39.68241492373072,97.21545698701068,13.610142174087446,30.65302579744761
265,214.0711721069051,92.99637496072454,41.04032691054975,69.85890445833466,39.40928194631592,97.50766413160278,13.60930728088858,30.370860807441773
266,214.0636298879034,92.99749897175002,40.68111291896172,69.66753464203923,39.14813122387344,97.64586088856856,13.525866185970322,31.45566223545606
267,213.80396908816525,92.92512706620649,40.76151998087417,69.58539698535098,39.2179929871474,97.51024948068402,13.55233898454854,31.638142228713804
268,213.4746176085457,92.91392992013188,40.74563614354136,69.67252971770907,39.25800046473966,97.1841554327052,13.13403325769842,31.877707423988937
269,213.19905157757552,92.93573739631152,40.7574025194481,69.62743360085865,39.121104797994604,97.21888898437211,13.083602851770948,32.291397980062214
270,213.1690560050589,92.92922704154692,40.71416421970087,69.68465449871076,39.25062095029799,97.40349025039006,13.02933124801782,31.72199656599335
271,213.14474865500063,92.90715734192386,40.71416421970087,69.68465449871076,39.25062095029799,97.40349025039006,13.02933124801782,31.72199656599335
272,213.1930235002878,92.89806049899302,41.08503513453477,69.94555070257361,39.35099802062079,97.39684408641,13.090759250033535,32.1543080536903
273,212.98746241271112,92.87573553618516,41.1785408842902,70.13109801819104,39.61085005274448,97.27688827784408,13.149236350951556,31.96824889490648
274,212.9980763787261,92.84370920451018,41.24185983681649,70.65718575077344,39.81317805210339,97.18669725773653,13.24089649151354,31.640506651625145
275,213.92436504500932,92.92176069558349,41.37205078980404,70.79761578752402,39.98414878093927,97.231773664042,13.423949921730271,32.886597434830065
276,215.09282723788385,92.91335940247042,44.43752744019693,72.4042326755588,43.55768795881162,96.3127180236205,13.67381495974006,37.45507303894249
277,217.70854996663687,92.46624235906408,54.19308956965155,77.44086294208243,52.86899943800413,97.12807657669752,14.643569496418548,50.128322035593044
278,220.03427067272452,92.48924277861887,57.39154369892388,77.7641109027368,55.21383319879978,97.07650984626542,17.41281484722779,59.54314847985684
279,222.11384186486765,92.6761018998787,58.58939635373191,77.72676974451895,56.14496561245138,96.87779855044626,16.924977102364984,59.496233012131285
280,226.65967676569696,92.69966180940912,59.17502157585047,77.7901515678269,56.24468699604607,96.62719179475656,16.8930828837795,61.873516627848716
281,232.2000011888122,92.60281762562384,59.09906315200677,79.91458558523298,57.06661971756089,98.71559073117984,16.6082608152899,61.769155288504976
282,235.81594573174243,92.4563678142112,59.40152496289884,80.91536131261321,57.717272048259055,99.8022827467898,16.906101840850997,61.90946829006424
283,238.0092291740198,92.43371840497288,59.40152496289884,80.91536131261321,57.61481927423903,99.81988606700274,16.99493296732364,62.125249885654654
284,240.37571270993405,92.4097443950357,59.40152496289884,80.91536131261321,57.64281551225085,99.97937621816509,17.040121471616324,62.06891314882154
285,241.8332476009908,92.09200077169832,59.41388834433861,80.40241125746428,57.63571394261535,99.95217238571549,17.710504215003166,61.197562865092976
286,244.5263440724724,91.73644255737656,59.43582438008684,80.40598693648361,57.69156320902542,99.94244008979469,17.73099919050254,61.94546955139971
287,246.54954634704907,91.72218888150644,60.071858310348006,80.508511951425,58.03787758206823,99.88251588118096,18.154603048666115,62.65561250944128
288,248.1344848125112,91.4136050435064,59.80254884878954,81.49341590214966,58.24045679080744,101.10199160191516,18.137929433797503,62.9386783097039
289,249.903123830128,91.36890161416532,59.4823146315569,81.36324602825269,57.85787944404029,101.17634424807086,18.47402253083057,63.563159992543405
290,250.96002095135557,91.36313550934788,58.52062905799932,81.22020374440156,56.8681846782007,101.35509108071382,18.475875605548485,63.62777553716103
291,251.791180476211,90.96642286576422,58.12830421901585,80.81316131367493,56.35805214414783,101.05172060948098,18.333696586658014,63.43456495646437
292,251.7901896189501,90.47366117436172,57.99403613183309,80.7917070812713,56.35248115414443,101.05282693631564,18.252704721888747,63.52375842887403
293,252.08759726758123,90.49569433687434,57.74794423006187,80.62406711874885,56.11269480802832,100.9786956422294,18.23636980855452,63.56080013844144
294,252.01195826049783,90.4817058675295,57.73784705433632,80.68494630356543,56.114247152554576,100.9868631349166,18.16814604912917,63.64408296845882
295,252.01586066992124,90.93219789900776,57.67197641711097,80.66567057107657,56.11279070637613,100.97920038802252,18.18902492652157,63.51164491873372
296,251.83049621549137,91.10251432323088,57.69044988762005,80.49101446072653,56.2242714070142,100.77403164013585,18.042823926449376,63.28005351531897
297,251.26834767660017,91.37569734099232,57.695438670304206,79.78940889590838,56.13011630359348,100.06900694548234,18.013853774254347,63.233660282162305
298,250.92095006187685,91.78541946126724,58.326062657903854,78.60392443778035,56.37945476933352,98.88104121527616,18.032258333022728,62.37010766855606
299,249.22648417275263,91.81378042795846,58.326062657903854,78.60392443778035,56.3828619142874,98.88050020586633,17.797054742969006,61.97301931912159
300,244.78426808076728,91.9764596425126,58.53806242759297,78.64574606576035,56.61787654085014,98.84334205430083,17.71112564809505,61.82494368555584
301,239.2277178136161,91.6749549068038,58.674441903235305,80.08776241915696,57.27178255747136,99.13169819361153,16.92270420844506,62.43851374696054
302,231.37873667691517,91.81575532077908,58.80728961961428,79.37260038307362,57.06781750005358,97.75465368941352,16.33638458194452,63.6378075080698
303,225.63187478406172,91.77591365638484,57.38927995516544,78.83920666073908,55.524809890770406,97.48827402220353,16.266297801740965,62.4373888403308
304,221.24466202433132,91.8174707310395,55.58052819133641,78.34257919190972,54.49721171255261,97.41251733020938,15.994781595491393,60.52926873092986
305,221.2085558137445,91.8956591538012,52.24938011860717,76.47164306787504,50.67559098110673,96.4250734451534,16.287809938332302,53.64505519998636
306,219.4498246887069,91.78716057588328,49.39259929497247,75.27774306720056,49.02485576512276,96.22975337781916,14.84338250113115,49.42291785215821
307,219.33309441602785,91.79349975417936,46.62647392690999,75.4904968935492,46.75281417404128,96.5083604105112,13.443742037296486,44.09462769012188
308,217.4121148460809,92.17557814783012,46.1267403568119,75.75737346405373,45.507049551063695,97.6871915824358,14.306538110152552,38.18370637272767
309,217.3659735662139,92.20898909156956,43.21591039009491,75.2559223198474,42.7532249007995,98.68303771394986,14.0856188352286,36.38165353882533
310,216.74476511326392,92.29553743458864,41.48760889598788,74.62686156121059,41.309610041041616,99.56187173009197,14.033812415297522,36.12593859511816
311,215.87433311749317,92.34872708224616,41.35453607432304,74.55517598789848,39.187778151386766,99.54918019143928,14.204288857532596,37.02644236203017
312,214.65619431505044,92.40544823126672,41.74999075134121,74.33709015145882,39.71299630006908,99.09021083708078,13.720801959139989,35.748972786154724
313,214.65364783549884,92.5022196473905,41.25035078702635,73.24572578657623,39.75077686886379,99.30634657331689,13.432321999938434,34.00236479398626
314,214.74564893315315,92.64961344852652,40.941410754273456,73.27740201206747,39.634392739305135,99.53397888838172,13.419671966871013,33.922216004597146
315,214.83018374130387,92.64857009293074,40.78942689389973,73.2132500905573,39.27948509986144,99.62093772572422,13.534772747938446,34.640043108061064
316,214.52551733498416,92.6523342456959,40.81876269374715,73.20430692244405,39.46464036336011,99.84082528891932,13.53124240133483,32.870136646648234
317,214.60479108826453,92.6331366064406,40.88717065759918,72.88957578551003,39.42751174036422,99.52475294988466,13.419145668879324,33.17995877513707
318,214.5829094618194,92.50287376032948,40.927386128831685,72.70762910477418,39.40390778294216,99.3179734822329,13.449619087657751,33.095114352337504
319,214.43080596107828,92.31924111832409,41.10276211451286,73.05652563119546,39.46018822746582,99.2957423504306,13.415674903759262,32.841634711825066
320,214.4852088833933,92.44500684446824,41.3251332988779,73.29107384940917,39.5163809562044,99.04535232569556,13.63350444983952,33.17289677982501
321,214.6807401060155,92.44277858129573,41.65200299361173,73.89694978027157,39.91080224692716,98.98150136351084,13.840994901423311,34.67971725606412
322,216.05683929200188,92.42812207589527,41.368176669671925,73.78343054775327,41.11903644464915,99.52751872744469,14.126470985192384,35.069937404652904
323,218.5805794780304,92.17001856914274,52.01234055553032,78.21690937190449,50.71878986824998,98.7752733214321,14.498460335396004,51.20246281332416
324,220.30925295715528,91.90589358208614,56.98050084600117,79.81524564030389,55.2059894699952,99.12850624804132,16.24414377521661,58.91609516477237
325,222.57001043690985,91.89933195717713,57.08011500238283,80.56597012415459,55.60704076895408,99.85081764495808,16.276376086366966,59.898806557982255
326,226.06438675928072,91.91821453426294,57.53880896244563,81.33528890695422,56.13302852478756,100.45867509116891,16.09587167243378,61.98088658128364
327,229.24372281438315,92.29747453222788,58.98246495945538,82.3363032254908,57.78434731816876,100.84476939780942,16.130728537864563,63.28074401804794
328,231.3203244434192,92.44068089196504,59.48344294592761,82.73699596688921,58.278363146009816,101.0901232449513,16.25612772285743,63.53899529296103
329,231.35675987193625,92.440296286522,59.96199171611404,82.82931991917741,58.60206444673698,101.05796264974464,16.345978178649684,63.590950086428506
330,231.908544455825,92.43448654046075,59.96199171611404,82.82931991917741,58.61760003946996,101.1353966004537,16.38997644940638,63.35202882367862
331,232.40493262826925,92.57579938983582,60.03363298842037,82.30491481388667,58.50952702938672,100.58425388542246,16.43111789159509,63.067547377813355
332,235.46217676572587,92.47464014090534,60.03925814619216,82.30564014235655,58.33487565439149,100.86300049603636,16.58729092232588,63.76183640811291
333,238.48827865545732,92.4187954500572,59.90607151538984,82.28842966635182,58.25455191476556,101.04044223879266,16.628816572315873,64.11738790631946
334,241.1384576533204,92.34790507996796,59.71523862324904,82.30933178208755,58.145310480107504,101.14634907239918,16.723445665996955,64.17978828288113
335,242.9384771716568,92.13170317517448,59.53544850630956,82.28596572233411,57.91770201459247,101.20187330489853,16.954165083189302,64.57101637893881
336,244.319148174426,91.96402566488796,59.48449213976616,82.27931735614501,57.64960032979657,101.26449670833904,17.15060346937458,65.34336759898764
337,245.2794148895583,91.94359425448512,59.03137208559424,81.2788247111409,56.87422571244696,100.38457989470308,17.407254863892565,64.2631564598879
338,246.85137508001077,91.7993823108234,59.06317752344553,81.24333222679891,56.97288515811337,100.39664767747716,17.238649281724047,64.5049908278303
339,247.0312638145892,91.79807156600592,59.14334903426101,81.25529538897621,56.98169763502791,100.44483323338736,17.190241936949835,64.29799740936538
340,246.39395475619224,91.79318863266248,59.960697383704655,81.37901131116251,57.59853440920487,100.3731860513332,17.261138561781642,64.41121083915672
341,246.25919445376604,91.50706143790929,59.982510840192944,82.34443841235019,57.99012562975182,101.56108414788862,17.218429246035875,64.77338930411486
342,246.30971408549613,91.50675225908924,59.93006543732291,82.33769874508887,57.93016669172006,101.59328874881508,17.23214373233844,64.89973894683163
343,246.26120021961364,91.52469603174426,59.90432696491584,82.33438678289961,57.87459304171188,101.60457580355909,17.211037809272113,64.89358207831823
344,247.2434598989689,91.868494924779,58.97574805884737,80.91721068300485,56.67814787785662,100.39658147514106,17.176247552759826,64.46024885201862
345,247.2041432093953,91.89709681883308,58.88151807088708,80.90255190749627,56.67814787785662,100.39658147514106,17.087367115435455,64.13742533133278
346,246.17773304651672,91.94624265359866,58.83704117117457,80.89561639114194,56.684031131510885,100.39549041145216,17.12188350894005,63.85471052139491
347,242.6213758161589,91.67990884463156,59.53700480592761,82.12924123880802,57.79910488627651,101.20418491999102,16.971147435076425,64.40987573531845
348,240.60593628599983,91.78500458583746,59.55477489647582,82.00652366499314,57.77344393475428,100.69447986683046,16.915920995882374,65.18327938765269
349,238.68425686157016,92.0226493048306,59.5845741413219,81.80499077128835,57.87722748406699,100.59680052645238,16.849763755697996,64.70027596716277
350,238.62935591556132,92.07098953872074,59.02828034464393,81.62745522721059,57.528196863204506,100.61826801632036,16.731641232679593,64.17961038053431
351,234.307975994308,92.16157701105756,58.87332295254754,81.27609746894409,57.40424125215623,99.99968843649812,16.608342350846964,64.31867915419586
352,226.68683050980485,92.2516764985832,58.22255848995265,80.6256537587552,56.60963855741315,99.46712587167124,16.58094946300294,64.31598863851559
353,221.54133229114345,92.30400161229964,56.97273246158803,80.37835562191671,55.404118193942985,99.64440787702578,16.680719393643198,63.18724250684318
354,221.7327917312722,92.43051642068905,56.53503862258217,79.752799179211,55.0712445513128,99.10798991098308,16.73692074886262,62.43735833570136
355,221.8326252679768,92.56910913868556,56.17838055793237,79.33830819884675,54.77798303657355,98.6491802858932,16.65083646152228,61.710787452536806
356,221.9081186439924,92.64195662388632,55.97868481624795,79.29982658241599,54.63126834721794,98.67258683093972,16.694252309229906,61.7909526107714
357,222.0301322444845,92.65956238626596,55.96029597014143,79.27043105486018,54.55487110864532,98.7106023469004,16.629449729655327,61.671121747089074
358,222.02422310860368,92.62652922067626,56.02531358758625,79.41637642074564,54.58388342910986,98.8473883213937,16.488449352662155,62.52752723357662
359,222.11284183085857,92.62460581418368,56.05591575291221,79.54525219914277,54.71459961265163,98.88953938102662,16.414357378494014,62.31883636703179
360,222.1456901922364,92.60420011275578,56.06284683671255,79.68203262910848,54.73722576995338,99.03970363452645,16.25974667321782,63.37603596578762
361,222.1118255882131,92.61888079982556,56.23152636557675,79.90828429772989,54.88346944921672,99.25505518949072,16.1481766660359,63.49862691541547
362,221.9839832128335,92.7547747409437,56.23473216634483,80.3578420142852,54.97165815075811,99.69882790967252,16.108560664229316,63.42834690884668
363,222.2750972030156,92.94130794093958,55.886593443390176,80.41698395974895,54.73355554642742,99.82307378435222,16.02098656279534,63.87628267049014
364,222.36497072717088,92.96288905152826,55.99351517985052,80.25445831840717,54.70645951593161,99.81147685623012,15.985092409650491,64.2945268677256
365,221.87305405363935,92.96946397990216,56.01394932277778,80.13350375906894,54.70645951593161,99.81147685623012,16.00211359642807,64.21791065285518
366,221.83187988292764,92.98760888326343,56.025645469621935,80.06496682434344,54.69269008752795,99.72771179537796,15.996410308547976,64.26023405445494
367,221.0684956760336,92.8694358466509,56.03208158035552,80.05615581448367,54.6910692064047,99.7178014848356,16.028635524793053,64.31575770630504
368,220.8076743344075,92.78227741707308,56.05990729203693,80.06228158885474,54.71190442901188,99.72800739232952,16.09455676340324,63.818487388675436
369,220.80681955747232,92.77770969200616,56.03264026905313,80.22269988923453,54.70968862348417,99.71446214754452,16.125497574352327,63.645794687126596
370,220.80472668199027,92.76649389868126,56.025906380418334,80.26274417482337,54.70944661616638,99.71298155429017,16.180872291427416,63.66894661386712
371,220.8092438681476,92.67958555579348,56.08347607739006,80.38661352100641,54.69629851209946,99.80207639645958,16.284717236644184,63.849687163320624
372,220.86944430985088,92.65188144502775,56.18692899704139,80.42782033791191,54.81029034191528,99.83047244679884,16.346457288249166,63.86376380801414
373,221.261443506523,92.60892293061865,56.14782148338831,80.56905091144363,54.80543296652611,99.95621636394132,16.35968066371045,64.00313708045802
374,221.261443506523,92.60892293061865,56.14707157870166,80.57365906351319,54.80543296652611,99.95621636394132,16.360049369197984,64.05173669818393
375,221.32051008259165,92.61230307788324,56.08671094975261,80.56342173439664,54.72244479983998,99.97146944147222,16.382289264393005,64.09853922929541
376,221.56316014359533,92.72836025358428,55.847683189817104,80.47285459354424,54.38500700289515,99.9896243932733,16.44014856909926,64.38599496530493
377,221.484380399334,92.76062992825544,55.78249490111597,80.46161708005327,54.23287568584621,100.0179354574402,16.467898549644833,64.43345052670914
378,221.26775426578828,92.79306264927564,55.8600963629502,80.33332437720988,54.21462032493644,99.9081243687914,16.47185166226144,64.40472296059258
379,221.19883601640527,92.79393356562896,55.93010259484717,80.33325122792164,54.26744317916133,99.80347947455164,16.43391646111292,64.68223041551198
380,221.06416725923685,92.69497064162788,55.96164846058534,80.33808709017786,54.406573886952486,99.80262289375057,16.408335867256458,64.21520698003289
381,221.1256114731903,92.6893607311634,56.03312237268791,80.34853527720831,54.44702464945411,99.8152788273844,16.430264209775025,63.95295817156871
382,220.96714534842576,92.66770386611093,56.209449751203,80.42563463590449,54.64627836617695,99.87582815723034,16.456832860304154,63.76433273484929
383,220.99421540166944,92.68085793222468,56.2083186797589,80.47373588828721,54.64011646688797,99.87789502939854,16.44744181896064,63.93463525567387
384,221.0417876788468,92.67584587474086,56.19939096817642,80.5033923721648,54.619383981417656,99.88381054096104,16.45747454852425,64.06081987094103
385,221.2163844284004,92.69561536423562,56.200914896469484,80.47246922371913,54.607177560732175,99.83162071413062,16.535165215842856,64.31819186079359
386,221.63946222368264,92.73418493942744,56.20049064284672,80.47504661050208,54.60822269449484,99.83794634148882,16.526812494067507,64.4308845243421
387,221.73715001927644,92.73515836456546,56.33452018909316,80.57150337414474,54.68802110260238,99.8411986217046,16.535232310090038,64.49248023271107
388,222.05096675521824,92.73687927469594,56.03572140788977,80.52244206005541,54.4239205278002,99.90365271327973,16.503946267289678,64.37568408869085
389,222.37429746121407,92.8352444883586,56.05506848019092,80.21457466684994,54.348716038826,99.58051272962732,16.495081213539866,64.35238878046425
390,222.51849083240583,92.84066354242456,55.91890450316541,80.16171271870101,54.207547023868656,99.6044555383112,16.48605060115726,64.50270403513062
391,222.70503894747085,92.83103040576894,55.74383012210748,80.23199009568047,54.12475591004305,99.73010354589408,16.40048942151289,64.0689072145141
392,222.69703913681056,92.7714554381227,55.82815553272534,80.32470648994199,54.21062955905096,99.80887986343105,16.38268433981994,63.695944094733406
393,222.69688496034465,92.77063590487744,55.83213788130449,80.30076514693383,54.2339614347744,99.79265997781776,16.377151893093043,63.617391774586395
394,222.4504880733672,92.75571759914526,55.823706358972274,80.37191969569274,54.28279237387323,99.85849475819958,16.346928605169925,63.67575411067155
395,222.43271106382943,92.73934415618952,55.817960165124845,80.43253759778825,54.308335843909546,99.92272124909051,16.356541979403755,63.66265663344009
396,222.3659319734272,92.81373630844226,55.874221661286576,80.48749634779112,54.397633348364096,99.9670795770797,16.341946242666708,63.7662177255004
397,222.32261929804872,92.82116709653133,55.96948301842324,80.47944641398051,54.50212402689471,99.953590363456,16.311093007336122,63.93133333753357
398,222.32279882135376,92.82210580325194,55.96948301842324,80.47944641398051,54.50212402689471,99.953590363456,16.310764454391162,63.93369256822544
399,222.5299907091694,92.81947608993733,55.92283284511043,80.47143047460962,54.3709211311547,100.1232266728567,16.446463200237478,64.12590593839089
400,222.5439166673468,92.83651946694688,55.883178028886256,80.48097680512505,54.34902761625575,100.0786070030273,16.355473363031575,64.15891683157214
