,LKNE_x,LKNE_y,LANK_x,LANK_y,LD3M_x,LD3M_y,LD1M_x,LD1M_y,LHLX_x,LHLX_y
0,76.81895446777344,101.25341796875,49.27159118652344,317.90985107421875,60.19712829589844,370.5702209472656,42.28947448730469,369.74359130859375,50.370269775390625,384.0430603027344
1,76.99250793457031,101.64558410644533,49.40177917480469,317.9228515625,60.19712829589844,370.5702209472656,42.28947448730469,369.75677490234375,50.444854736328125,384.0885925292969
2,76.99250793457031,101.72553253173828,49.456634521484375,318.0146179199219,60.19712829589844,370.5702209472656,42.28947448730469,369.75677490234375,50.54969787597656,384.0970458984375
3,76.88920593261719,101.72553253173828,49.40177917480469,318.05010986328125,60.15122985839844,370.5659790039063,42.2528076171875,369.74359130859375,50.54969787597656,384.0885925292969
4,76.81895446777344,101.72553253173828,49.40177917480469,318.1280212402344,60.137725830078125,370.52728271484375,42.220245361328125,369.7053833007813,50.54969787597656,384.0430603027344
5,76.64149475097656,101.6187744140625,49.303985595703125,318.05010986328125,60.137725830078125,370.4695739746094,42.127655029296875,369.68603515625,50.55784606933594,383.9586486816406
6,76.64149475097656,101.5548324584961,49.29307556152344,318.05010986328125,60.137725830078125,370.4649658203125,42.10426330566406,369.68603515625,50.55784606933594,383.9552001953125
7,76.61793518066409,101.1417999267578,49.02372741699219,317.98712158203125,60.29022216796875,370.34320068359375,42.0634765625,369.69049072265625,50.69325256347656,383.8443908691406
8,76.50434875488281,100.87409210205078,48.886871337890625,317.9186096191406,60.29022216796875,370.3028869628906,42.046630859375,369.69049072265625,50.73057556152344,383.8329772949219
9,76.50434875488281,100.77212524414062,48.83283996582031,317.9186096191406,60.29022216796875,370.3028869628906,42.046630859375,369.6945495605469,50.75038146972656,383.8329772949219
10,76.2432861328125,100.68737030029295,48.82444763183594,317.92108154296875,60.259613037109375,370.34320068359375,42.043975830078125,369.7047424316406,50.75038146972656,383.8329772949219
11,76.2432861328125,100.68737030029295,48.80882263183594,317.92108154296875,60.17218017578125,370.34320068359375,42.0364990234375,369.7047424316406,50.75038146972656,383.863525390625
12,76.16278076171875,100.68737030029295,48.79539489746094,317.92108154296875,60.124481201171875,370.3434753417969,42.0364990234375,369.7376403808594,50.63624572753906,383.9109191894531
13,76.16278076171875,100.89973449707033,48.680419921875,317.92108154296875,60.124481201171875,370.4009094238281,42.011016845703125,369.7698669433594,50.63624572753906,383.9288940429688
14,76.2432861328125,100.92161560058594,48.4969482421875,317.8131103515625,60.124481201171875,370.4009094238281,42.011016845703125,369.7698669433594,50.63624572753906,383.9109191894531
15,76.14772033691409,100.92161560058594,48.4969482421875,317.7948913574219,60.1370849609375,370.4773559570313,42.011016845703125,369.7980346679688,50.67652893066406,383.8807373046875
16,76.13624572753903,100.89973449707033,48.4969482421875,317.7823181152344,60.16728210449219,370.489990234375,42.03315734863281,369.8032531738281,50.67652893066406,383.93896484375
17,76.13624572753903,100.70037841796876,48.52397155761719,317.7611999511719,60.2076416015625,370.5648193359375,42.057952880859375,369.8232116699219,50.67652893066406,383.9227600097656
18,76.14772033691409,100.70037841796876,48.52397155761719,317.71307373046875,60.22013854980469,370.652099609375,42.072265625,369.8361206054688,50.67230224609375,383.8807373046875
19,76.14772033691409,100.70037841796876,48.52397155761719,317.71307373046875,60.25331115722656,370.7532043457031,42.12321472167969,369.8484802246094,50.67230224609375,383.8807373046875
20,76.3096923828125,101.01165771484376,48.50251770019531,317.68365478515625,60.25331115722656,370.7690124511719,42.12799072265625,369.8880615234375,50.67230224609375,383.7579650878906
21,76.31282043457031,101.01246643066406,48.470916748046875,317.68365478515625,60.25331115722656,370.8926696777344,42.12799072265625,369.8939514160156,50.73175048828125,383.7579650878906
22,76.43951416015625,101.01246643066406,48.350433349609375,317.7162475585937,60.20893859863281,370.9048767089844,42.12321472167969,369.9238586425781,50.73175048828125,383.7579650878906
23,76.53128051757807,101.01246643066406,48.350433349609375,318.0839233398437,60.15861511230469,371.01275634765625,42.08807373046875,369.94232177734375,50.73175048828125,383.7794189453125
24,76.64619445800781,101.08370208740234,48.350433349609375,318.0840148925781,60.15702819824219,371.0467834472656,42.08198547363281,369.9895324707031,50.67088317871094,383.7794189453125
25,76.67822265625,101.08370208740234,48.371551513671875,318.0841979980469,60.10490417480469,371.096923828125,42.01409912109375,370.0176086425781,50.51702880859375,383.7794189453125
26,76.80368041992188,101.7591323852539,48.371551513671875,318.0841979980469,60.01521301269531,371.096923828125,42.01409912109375,370.0185241699219,50.51702880859375,383.7794189453125
27,76.80368041992188,101.75975036621094,48.371551513671875,318.0839233398437,60.01243591308594,371.096923828125,42.01409912109375,370.0185241699219,50.51702880859375,383.7726440429688
28,76.80368041992188,101.94363403320312,48.14701843261719,317.84185791015625,59.99925231933594,371.00384521484375,41.982513427734375,370.0176086425781,50.541656494140625,383.7574462890625
29,76.74073791503903,102.07127380371094,48.14701843261719,317.8268737792969,59.99925231933594,370.88763427734375,42.00895690917969,369.9639892578125,50.541656494140625,383.6046447753906
30,76.06944274902344,102.07127380371094,48.14701843261719,317.7955627441406,59.990631103515625,370.88763427734375,42.00895690917969,369.9639892578125,50.541656494140625,383.6046447753906
31,76.05946350097656,102.07127380371094,48.228179931640625,317.78155517578125,59.98008728027344,370.88763427734375,41.982513427734375,369.9639892578125,50.53776550292969,383.6046447753906
32,75.99314880371091,101.1946258544922,48.468414306640625,317.7230834960937,59.881683349609375,371.2831726074219,41.84397888183594,370.2770690917969,50.04887390136719,383.8366394042969
33,75.70172119140625,97.80774688720705,49.22850036621094,317.3816223144531,59.881683349609375,372.3772888183594,41.84397888183594,371.3027038574219,50.04887390136719,385.123779296875
34,75.56881713867188,93.63834381103516,49.22850036621094,317.055908203125,59.881683349609375,372.5149536132813,41.84397888183594,371.5390930175781,50.04887390136719,385.7461242675781
35,75.25932312011719,93.63834381103516,49.22850036621094,316.8886108398437,59.94926452636719,372.5149536132813,41.982757568359375,371.5390930175781,50.075408935546875,385.7461242675781
36,74.43777465820312,93.63834381103516,48.97265625,316.8886108398437,59.94926452636719,372.5149536132813,41.982757568359375,371.5390930175781,50.260528564453125,385.7461242675781
37,73.41395568847656,94.9071807861328,47.916778564453125,316.8886108398437,59.94926452636719,372.12799072265625,41.982757568359375,371.39495849609375,50.260528564453125,385.6279296875
38,71.26872253417969,96.34083557128906,47.916778564453125,316.8886108398437,59.82475280761719,371.8948974609375,41.82441711425781,371.3027648925781,50.260528564453125,385.4585876464844
39,70.29342651367188,96.6441421508789,47.916778564453125,316.8886108398437,59.655029296875,371.149658203125,41.6629638671875,370.3836364746094,50.09226989746094,384.0955200195313
40,70.02691650390625,96.83223724365234,50.16062927246094,315.9183044433594,59.655029296875,369.4924926757813,41.6629638671875,368.2048950195313,50.09226989746094,381.5758056640625
41,70.02691650390625,96.8485336303711,53.10893249511719,315.80126953125,59.655029296875,368.010986328125,41.6629638671875,366.1394958496094,50.09226989746094,378.8058166503906
42,70.02691650390625,96.93355560302734,53.10893249511719,315.6356506347656,61.67460632324219,363.2391052246094,43.524871826171875,363.0034790039063,52.17863464355469,374.63580322265625
43,70.02691650390625,96.93355560302734,53.10893249511719,314.3169860839844,61.94622802734375,358.297119140625,44.26069641113281,358.5580444335937,53.1708984375,368.6025390625
44,70.02691650390625,96.93355560302734,52.82666015625,312.8754577636719,63.47027587890625,352.0699768066406,44.73216247558594,354.0912780761719,53.943115234375,364.0605773925781
45,70.26382446289062,96.81608581542967,52.82666015625,312.5920715332031,,,45.53984069824219,351.9168701171875,54.34129333496094,361.2124328613281
46,70.26382446289062,96.52814483642578,52.82666015625,312.5920715332031,,,45.655364990234375,349.59234619140625,54.38702392578125,360.2252502441406
47,70.26382446289062,96.03636932373048,53.152984619140625,312.5920715332031,,,46.58747863769531,348.9595031738281,55.075225830078125,359.23907470703125
48,71.13804626464844,96.03636932373048,53.73805236816406,312.7078857421875,,,47.9696044921875,348.7611694335937,56.0982666015625,358.9341125488281
49,72.04701232910159,96.03636932373048,54.12376403808594,312.7330627441406,,,48.74293518066406,348.4315185546875,56.78865051269531,358.348388671875
50,72.04701232910159,96.03636932373048,54.12376403808594,312.7330627441406,,,48.74293518066406,348.0684509277344,56.78865051269531,358.103515625
51,72.04701232910159,95.99319458007812,54.12376403808594,312.7330627441406,,,48.74293518066406,348.0605163574219,56.78865051269531,357.69122314453125
52,70.55287170410156,95.47421264648438,53.47575378417969,312.3607482910156,,,48.12896728515625,347.9788818359375,56.37516784667969,357.6213684082031
53,69.26678466796875,95.43985748291016,53.03251647949219,312.2269592285156,,,47.25303649902344,347.6060791015625,55.47515869140625,357.2099914550781
54,69.20193481445312,95.16973876953124,52.8876953125,312.2248229980469,,,46.75910949707031,347.1739501953125,54.95458984375,356.663818359375
55,69.20193481445312,95.06421661376952,52.8876953125,312.1673278808594,,,46.66925048828125,347.1739501953125,54.93708801269531,356.663818359375
56,69.20193481445312,95.02523040771484,52.8876953125,312.1673278808594,,,46.66925048828125,347.1739501953125,54.93708801269531,356.663818359375
57,69.41621398925781,94.9016342163086,53.13273620605469,312.1673278808594,,,46.66925048828125,347.1943054199219,54.93708801269531,356.81121826171875
58,70.064697265625,94.9016342163086,53.531768798828125,312.2857360839844,,,46.81634521484375,347.32196044921875,54.94300842285156,357.2445373535156
59,70.47161865234375,95.02523040771484,53.695587158203125,313.1203308105469,,,47.67108154296875,349.0732421875,55.531951904296875,358.7719421386719
60,71.17060852050781,95.7205047607422,54.1474609375,313.783935546875,,,49.08161926269531,353.09625244140625,58.2967529296875,360.6275939941406
61,71.27589416503903,95.7205047607422,55.05998229980469,314.8557434082031,67.76242065429688,359.0845642089844,49.08161926269531,361.7160949707031,58.2967529296875,370.4593505859375
62,71.43130493164065,95.7205047607422,56.8096923828125,317.8946533203125,69.49995422363281,371.1507568359375,49.08161926269531,371.0652465820313,58.2967529296875,384.6112060546875
63,71.47677612304688,94.13308715820312,57.12159729003906,317.8946533203125,69.57771301269531,374.02044677734375,48.90361022949219,373.3958435058594,57.79957580566406,387.88665771484375
64,71.43130493164065,90.96727752685548,57.48008728027344,317.8946533203125,69.57771301269531,374.8406982421875,48.77497863769531,373.5625305175781,57.08171081542969,388.16510009765625
65,71.43130493164065,87.9620361328125,57.4912109375,317.8427734375,69.57771301269531,375.40374755859375,48.58876037597656,373.6250305175781,56.52410888671875,388.3871765136719
66,70.98529052734375,87.94338989257812,57.4912109375,317.7660827636719,69.56013488769531,375.4577331542969,48.577911376953125,373.6988830566406,56.4554443359375,388.4019165039063
67,70.92274475097656,87.4140625,57.4912109375,317.7495422363281,69.25448608398438,375.4971923828125,48.55918884277344,373.7208557128906,56.35246276855469,388.4224243164063
68,70.92274475097656,86.63507843017578,57.4912109375,317.7495422363281,69.18922424316406,375.7664184570313,48.456695556640625,374.016357421875,55.60894775390625,388.7114868164063
69,70.92274475097656,84.9896011352539,57.4912109375,317.7660827636719,68.59074401855469,376.25341796875,48.41310119628906,374.2493896484375,55.113983154296875,388.7908630371094
70,71.38890075683597,79.51124572753906,57.75477600097656,318.11260986328125,68.296630859375,376.4399719238281,48.34004211425781,374.8097229003906,55.08052062988281,389.6157836914063
71,71.892333984375,76.91177368164062,59.75056457519531,318.11260986328125,68.26847839355469,377.12249755859375,48.31752014160156,374.9171752929688,54.9881591796875,390.0960083007813
72,71.94230651855469,76.73318481445312,59.75056457519531,318.11260986328125,68.25746154785156,377.1395263671875,48.239715576171875,374.9171752929688,54.97138977050781,390.0960083007813
73,72.16343688964844,75.37320709228516,59.89849853515625,317.8399658203125,68.23995971679688,377.1395263671875,48.23490905761719,374.9171752929688,54.85276794433594,390.0993347167969
74,72.16343688964844,74.14673614501953,59.955352783203125,317.6688232421875,68.23995971679688,377.1395263671875,48.15382385253906,374.8766784667969,54.815216064453125,390.0960083007813
75,72.17170715332031,70.63721466064453,60.77836608886719,316.6618347167969,68.2569580078125,377.120849609375,48.14982604980469,374.8085021972656,54.60502624511719,390.0902099609375
76,72.17170715332031,67.43163299560547,61.60820007324219,315.841064453125,68.2569580078125,376.8071594238281,48.14982604980469,374.3418884277344,54.38703918457031,390.0660095214844
77,71.94010925292969,63.70152282714844,62.97804260253906,315.1433410644531,68.28317260742188,376.0848693847656,48.15382385253906,373.6203308105469,54.38703918457031,390.0660095214844
78,70.94367980957031,60.46331787109375,64.99398803710938,313.3238830566406,68.31198120117188,375.95208740234375,48.03544616699219,372.6246337890625,54.3236083984375,390.0660095214844
79,68.86459350585938,58.73042297363281,68.4400634765625,309.5950012207031,68.62278747558594,375.7969055175781,48.190765380859375,371.8552551269531,54.3236083984375,390.0660095214844
80,67.00627136230469,56.822845458984375,71.79913330078125,306.2684020996094,69.22987365722656,375.7969055175781,48.234954833984375,371.4981689453125,54.419769287109375,390.1012268066406
81,67.00381469726562,56.50602722167969,72.087158203125,305.2296142578125,69.22987365722656,375.8997497558594,48.190765380859375,371.4981689453125,54.419769287109375,390.3268737792969
82,66.98248291015625,56.39226150512695,73.07345581054688,304.379638671875,69.22987365722656,375.8997497558594,48.11079406738281,371.4981689453125,54.41162109375,390.4779968261719
83,66.98248291015625,56.39226150512695,73.4559326171875,304.22882080078125,69.78218078613281,375.8997497558594,48.302886962890625,371.3027648925781,54.59941101074219,390.4779968261719
84,67.00381469726562,56.50602722167969,73.4559326171875,304.22882080078125,69.78218078613281,375.8997497558594,48.302886962890625,371.3027648925781,54.54389953613281,390.4779968261719
85,67.18745422363281,56.84503173828125,75.28395080566409,302.41510009765625,70.23185729980469,375.6049499511719,48.76167297363281,370.97412109375,54.54389953613281,390.2540893554688
86,67.90742492675781,57.33337020874024,75.52030944824219,302.41510009765625,70.23185729980469,375.6049499511719,48.76167297363281,370.9389953613281,54.54389953613281,390.2222595214844
87,68.74409484863281,57.88546371459961,75.70925903320312,302.41510009765625,70.23185729980469,375.6049499511719,48.76167297363281,370.7388610839844,54.54389953613281,390.174072265625
88,69.38996887207031,57.90583801269531,75.70925903320312,302.689208984375,69.97508239746094,375.8713989257813,48.589630126953125,370.7388610839844,54.53892517089844,390.1033935546875
89,69.40846252441406,58.099159240722656,75.52030944824219,303.1222839355469,69.97508239746094,375.8713989257813,48.589630126953125,370.7989807128906,54.53892517089844,390.1033935546875
90,69.48245239257812,58.733882904052734,75.47010803222656,303.22998046875,69.9462890625,375.9441833496094,48.589630126953125,370.7989807128906,54.53892517089844,390.0873107910156
91,69.48526000976562,61.46344757080078,74.89469909667969,304.3997497558594,69.76022338867188,375.9441833496094,49.37934875488281,370.8073120117188,55.070068359375,389.8973693847656
92,70.65396118164062,65.8337631225586,67.54025268554688,312.9806213378906,69.69190979003906,375.5899658203125,49.37934875488281,372.837158203125,55.81748962402344,389.8869323730469
93,70.65396118164062,74.79046630859375,58.99676513671875,317.1306457519531,69.15245056152344,374.7678527832031,49.94410705566406,373.7804260253906,55.855194091796875,389.5921630859375
94,70.65396118164062,86.95423889160156,54.0615234375,317.35577392578125,69.10629272460938,374.743896484375,50.220855712890625,373.7804260253906,56.42521667480469,389.0304870605469
95,69.919677734375,94.16812896728516,54.0615234375,317.35577392578125,68.97096252441406,374.1093444824219,50.220855712890625,373.7804260253906,57.69407653808594,388.5858154296875
96,69.56771850585938,95.54959869384766,54.0615234375,317.51055908203125,68.59347534179688,372.8923950195313,50.47611999511719,372.5378723144531,58.53697204589844,386.7207946777344
97,69.56771850585938,96.66543579101562,54.76728820800781,317.35577392578125,68.33418273925781,369.7145385742188,50.47611999511719,369.2646484375,58.53697204589844,382.5789184570313
98,69.919677734375,96.66543579101562,54.76728820800781,316.5945739746094,67.91938781738281,368.695556640625,50.47611999511719,368.3632507324219,58.65052795410156,380.8313293457031
99,69.919677734375,96.75767517089844,54.76728820800781,316.30615234375,67.91938781738281,366.1390075683594,50.486785888671875,365.5599060058594,58.716583251953125,377.3189697265625
100,69.63262939453125,96.79335021972656,54.66218566894531,314.88409423828125,68.33418273925781,361.0809631347656,51.00489807128906,361.6286010742188,59.58906555175781,372.724609375
101,70.17036437988281,96.79335021972656,54.36114501953125,314.201171875,68.41656494140625,356.2235717773437,51.00489807128906,358.0545349121094,61.44483947753906,367.6662292480469
102,70.17036437988281,96.96636962890624,53.99884033203125,314.0143737792969,68.67996215820312,352.8898010253906,51.44157409667969,355.503662109375,62.28428649902344,364.1092529296875
103,70.20639038085938,97.18050384521484,53.99884033203125,313.60626220703125,68.92587280273438,350.26251220703125,51.56764221191406,352.79669189453125,62.39402770996094,361.3966979980469
104,70.87777709960938,97.1895523071289,53.99884033203125,313.1839599609375,,,52.18505859375,350.9320983886719,62.39402770996094,359.886474609375
105,71.97024536132807,97.1895523071289,54.209197998046875,312.6226806640625,,,52.69921875,350.224853515625,63.06343078613281,358.6353759765625
106,72.82749938964844,97.32211303710938,54.33660888671875,312.1497802734375,,,52.69921875,349.1493530273437,63.06343078613281,357.7455749511719
107,72.82749938964844,97.5377960205078,54.34037780761719,311.8807678222656,,,52.69921875,348.59100341796875,63.06343078613281,357.2509765625
108,72.82749938964844,97.4059829711914,54.34037780761719,311.8475341796875,,,52.13887023925781,348.5006103515625,62.69114685058594,356.9356384277344
109,72.72236633300781,97.4059829711914,54.34037780761719,311.6587829589844,,,51.88755798339844,348.3818054199219,62.30967712402344,356.9356384277344
110,72.37287902832031,97.4059829711914,54.03742980957031,311.6587829589844,,,51.46263122558594,348.3818054199219,62.28953552246094,356.9356384277344
111,72.22148132324219,97.4059829711914,54.03742980957031,311.81072998046875,,,51.45664978027344,348.2283935546875,62.264495849609375,356.8967590332031
112,72.22148132324219,96.64008331298828,54.03742980957031,311.6587829589844,,,51.42681884765625,348.2413330078125,62.19416809082031,356.8727111816406
113,72.22148132324219,96.19757843017578,54.08204650878906,311.6762390136719,,,51.42681884765625,348.2746887207031,62.06706237792969,356.9073181152344
114,72.24533081054688,96.16246795654295,54.08204650878906,311.81072998046875,,,51.42681884765625,348.2746887207031,61.94526672363281,356.9073181152344
115,72.24533081054688,96.16246795654295,54.08204650878906,311.81072998046875,,,51.42681884765625,348.2746887207031,61.94526672363281,356.9073181152344
116,72.24533081054688,96.19757843017578,54.089080810546875,312.0749816894531,,,51.36041259765625,348.7566223144531,61.94526672363281,357.3827514648437
117,72.18101501464844,96.2517547607422,54.089080810546875,312.0881042480469,,,51.38600158691406,349.2544250488281,61.843994140625,357.83843994140625
118,72.17892456054688,96.31832122802734,54.43218994140625,312.4426574707031,70.24504089355469,350.7545471191406,51.43980407714844,353.9047241210937,61.79022216796875,362.0602111816406
119,72.17892456054688,96.31832122802734,55.43067932128906,314.8365478515625,70.24504089355469,363.2091979980469,51.53727722167969,364.495361328125,61.55158996582031,375.4718017578125
120,72.17892456054688,96.31832122802734,57.55189514160156,317.8080444335937,71.86936950683597,372.00299072265625,52.1678466796875,371.6224670410156,61.11041259765625,385.4377746582031
121,72.725341796875,94.690673828125,57.999847412109375,317.8080444335937,71.92607116699219,374.0412902832031,52.20860290527344,373.0376892089844,60.39009094238281,387.4268798828125
122,72.81204223632807,92.50407409667967,58.68913269042969,317.8080444335937,72.06880187988281,375.2517395019531,52.264892578125,373.7808837890625,59.77105712890625,388.5477600097656
123,73.43461608886719,87.885009765625,59.901702880859375,317.6415405273437,72.06880187988281,375.6553955078125,52.264892578125,373.8949279785156,59.77105712890625,389.1138305664063
124,75.37545776367188,83.32626342773438,62.48179626464844,317.6169738769531,72.28013610839844,375.6553955078125,52.71455383300781,373.8949279785156,59.7421875,389.13818359375
125,75.37545776367188,80.68367004394531,62.48179626464844,317.164794921875,72.49319458007807,375.7036437988281,52.71455383300781,373.8949279785156,59.7103271484375,389.2437438964844
126,75.37545776367188,77.51763153076172,62.48179626464844,317.164794921875,72.502685546875,375.7036437988281,52.71455383300781,373.8063659667969,59.7103271484375,389.2561645507813
127,75.17410278320312,73.9849624633789,63.005035400390625,317.1009521484375,72.53443908691409,375.6212768554688,52.336395263671875,373.7342529296875,59.634033203125,389.5773315429688
128,73.29925537109372,70.9489974975586,63.005035400390625,317.0958557128906,72.5986328125,375.3843078613281,52.336395263671875,373.54052734375,59.59661865234375,389.5773315429688
129,72.45925903320312,68.42044830322266,64.23348999023438,316.3326416015625,72.72660827636719,375.2633056640625,52.336395263671875,372.8155517578125,59.32086181640625,389.5773315429688
130,72.07212829589844,65.75184631347656,65.98982238769531,313.78759765625,72.81044006347656,374.9181213378906,52.35475158691406,372.227294921875,59.32086181640625,389.6007080078125
131,71.9429931640625,63.27497482299805,66.16864013671875,313.4853515625,73.16192626953125,374.9181213378906,52.59751892089844,372.1982421875,59.32086181640625,389.6297607421875
132,71.68377685546875,62.05430603027344,66.21664428710938,313.47589111328125,73.27619934082031,374.9181213378906,52.90361022949219,372.1066589355469,59.365570068359375,389.7103271484375
133,69.19685363769531,60.99793243408203,67.37741088867188,312.81085205078125,73.41575622558597,375.1031494140625,53.00700378417969,371.9931945800781,59.37025451660156,389.7163696289063
134,66.69148254394531,59.60055923461914,69.54374694824219,311.0116271972656,73.43795776367188,375.1378479003906,53.13896179199219,371.9118347167969,59.37025451660156,389.7163696289063
135,64.64552307128906,57.84966278076172,71.26004028320312,309.2330627441406,73.63197326660159,375.4682312011719,53.26200866699219,371.8210144042969,59.403228759765625,389.7163696289063
136,64.64552307128906,57.815372467041016,72.64747619628903,306.5943603515625,73.66441345214844,375.4682312011719,53.36756896972656,371.3477783203125,59.403228759765625,389.6922912597656
137,64.64552307128906,57.815372467041016,72.64747619628903,306.5943603515625,73.66441345214844,375.4682312011719,53.36756896972656,371.2593078613281,59.37025451660156,389.6904602050781
138,66.99472045898438,57.815372467041016,72.64747619628903,306.5943603515625,73.66441345214844,375.2272338867188,53.36756896972656,371.2593078613281,59.49906921386719,389.6724548339844
139,68.84078979492188,59.17726516723633,67.21868896484375,313.14654541015625,73.04069519042969,375.0310668945313,52.47590637207031,371.3477783203125,59.52728271484375,389.5682678222656
140,70.511474609375,63.40436935424805,62.95635986328125,314.4301452636719,72.77252197265625,374.9476318359375,52.47590637207031,372.2017211914063,59.84942626953125,389.4525451660156
141,71.91691589355469,66.49320983886719,62.95635986328125,314.4301452636719,72.77252197265625,374.911376953125,52.47590637207031,372.2550048828125,59.95042419433594,389.2254333496094
142,72.21427917480469,66.63356018066406,62.95635986328125,314.5020446777344,72.77252197265625,374.911376953125,52.59330749511719,372.2955322265625,60.27186584472656,389.1742248535156
143,73.8643798828125,66.94729614257812,64.44206237792969,314.5020446777344,73.15521240234372,374.911376953125,53.7095947265625,372.5304565429688,60.282379150390625,389.1742248535156
144,74.0548095703125,69.47027587890625,64.44206237792969,314.5020446777344,73.44903564453125,374.911376953125,54.06996154785156,372.5304565429688,60.33796691894531,389.0242614746094
145,74.0548095703125,74.73986053466797,64.7789306640625,315.8662109375,73.57330322265625,374.6999206542969,54.301788330078125,373.0169677734375,60.44158935546875,388.96978759765625
146,74.0548095703125,80.47130584716797,64.7789306640625,315.9037170410156,73.61724853515625,374.6593322753906,54.49632263183594,373.0169677734375,60.935028076171875,388.19635009765625
147,73.06971740722656,83.12517547607422,64.7789306640625,316.3027038574219,73.81321716308597,374.5357666015625,54.92942810058594,373.0169677734375,61.41709899902344,387.8646240234375
148,73.06010437011719,88.55431365966797,64.7789306640625,315.9037170410156,74.74606323242188,373.5965881347656,56.06086730957031,372.1400451660156,62.800445556640625,386.8509521484375
149,72.48709106445312,95.222412109375,64.7789306640625,315.8662109375,74.85545349121091,372.3819580078125,56.502105712890625,371.2701416015625,63.90849304199219,385.24945068359375
150,72.38716125488281,95.51869201660156,63.90635681152344,315.73486328125,75.56954956054688,368.6052551269531,56.71531677246094,368.4927673339844,64.82321166992188,381.79925537109375
151,71.66719055175781,95.78820037841795,63.881072998046875,314.7085876464844,75.56954956054688,362.5676879882813,57.963775634765625,364.0863037109375,67.30966186523438,375.3575439453125
152,70.8394775390625,95.81151580810548,63.082305908203125,313.9467163085937,75.20339965820312,358.6960144042969,57.963775634765625,360.94427490234375,67.30966186523438,370.0039367675781
153,70.8394775390625,95.81151580810548,62.265167236328125,313.13934326171875,76.18408203125,355.0147399902344,58.43107604980469,357.7597351074219,68.04153442382812,367.6695251464844
154,70.8394775390625,95.8633804321289,62.265167236328125,312.3996276855469,76.18408203125,352.91534423828125,58.70240783691406,354.89434814453125,69.02865600585938,364.6754150390625
155,71.53349304199219,96.04578399658205,62.265167236328125,311.89630126953125,76.18408203125,350.9086608886719,58.70240783691406,353.0116882324219,69.02865600585938,361.4723815917969
156,72.30339050292969,96.10627746582033,62.37370300292969,310.9691772460937,77.26394653320312,349.41162109375,59.486419677734375,351.69873046875,69.59211730957031,360.0486145019531
157,73.16082763671875,96.24590301513672,62.54585266113281,310.15924072265625,77.65776062011719,348.1686706542969,59.64997863769531,350.7840270996094,70.05238342285156,358.9104919433594
158,73.1861572265625,96.54381561279295,62.583251953125,310.036376953125,77.69978332519531,347.3778686523437,59.832489013671875,350.3552551269531,70.40936279296875,358.6375732421875
159,73.1861572265625,96.7173309326172,62.59773254394531,309.76983642578125,77.79965209960935,346.3838195800781,59.832489013671875,349.8033447265625,70.40936279296875,358.3156433105469
160,73.18913269042969,96.8182601928711,62.62725830078125,309.76983642578125,77.69978332519531,345.99053955078125,59.86248779296875,349.6887512207031,70.05238342285156,358.01043701171875
161,73.1861572265625,96.96379852294922,62.64068603515625,309.76983642578125,77.72578430175781,345.7579650878906,59.86248779296875,349.5131225585937,70.04449462890625,357.8700256347656
162,73.16777038574219,97.1574249267578,62.64068603515625,309.8635559082031,77.72578430175781,345.7579650878906,59.81829833984375,349.3337707519531,70.03153991699219,357.5886535644531
163,73.06692504882807,97.1574249267578,62.64068603515625,310.3185119628906,77.68087768554688,345.7579650878906,59.680999755859375,349.1994934082031,69.46665954589844,357.5370788574219
164,73.06692504882807,97.1574249267578,62.2437744140625,310.47528076171875,76.92868041992188,345.9374389648437,58.91157531738281,349.1994934082031,68.47854614257812,357.5043334960937
165,72.86021423339844,96.88844299316406,62.20368957519531,310.5354309082031,76.92868041992188,346.035888671875,58.91157531738281,349.22430419921875,68.47854614257812,357.3769836425781
166,72.42581176757807,96.78453826904295,62.1546630859375,310.8617858886719,76.84544372558597,346.04168701171875,58.76158142089844,349.22430419921875,68.31690979003906,357.5013427734375
167,72.26341247558597,96.78453826904295,62.13893127441406,310.900146484375,76.81100463867188,346.04168701171875,58.76158142089844,349.3752746582031,68.31690979003906,357.5013427734375
168,72.26341247558597,96.88844299316406,62.13893127441406,310.942138671875,76.81100463867188,346.63995361328125,58.86009216308594,349.4932556152344,68.47854614257812,357.5013427734375
169,72.26341247558597,97.07583618164062,62.13893127441406,311.0201721191406,76.81100463867188,347.61297607421875,58.86009216308594,350.0216064453125,68.89631652832031,358.0402526855469
170,72.91595458984372,97.07583618164062,62.1695556640625,311.2138977050781,76.81100463867188,348.3967590332031,58.86009216308594,351.0663146972656,68.31690979003906,359.4945678710937
171,73.0103759765625,97.07583618164062,62.805145263671875,313.4760437011719,77.13740539550781,353.3882751464844,58.97245788574219,356.8992614746094,68.2108154296875,366.4661560058594
172,73.08224487304688,96.8437957763672,64.02452087402344,315.5124816894531,78.28958129882807,365.0396728515625,59.225921630859375,366.8275146484375,68.018310546875,380.9086608886719
173,73.53398132324219,95.96843719482422,65.19474792480469,316.71612548828125,78.50852966308597,371.9720764160156,59.445770263671875,371.756591796875,67.35026550292969,387.2241516113281
174,73.73715209960935,94.65011596679688,66.08120727539062,316.87176513671875,78.5811462402344,372.9581604003906,59.45513916015625,372.2642517089844,67.05482482910156,387.5220336914063
175,74.015380859375,93.80863189697266,66.87191772460938,316.87176513671875,78.6094970703125,374.0281372070313,59.53602600097656,372.67669677734375,66.60572814941406,387.9028625488281
176,75.40313720703125,91.20628356933594,67.86260986328125,316.7261962890625,78.5811462402344,374.5887756347656,59.45513916015625,372.8037414550781,66.27845764160156,388.00439453125
177,76.796875,87.97076416015625,67.86260986328125,316.71612548828125,78.50852966308597,374.7029724121094,59.445770263671875,372.872802734375,66.27667236328125,388.0795593261719
178,77.0191650390625,84.63848114013672,67.86260986328125,316.59698486328125,78.38200378417969,374.7029724121094,59.41859436035156,372.8823852539063,66.26393127441406,388.0795593261719
179,77.0191650390625,83.04737854003906,67.28224182128906,315.9885559082031,77.96047973632807,374.7029724121094,59.17323303222656,372.8826904296875,66.2598876953125,388.0800476074219
180,77.0191650390625,80.800537109375,67.28224182128906,315.9885559082031,77.39114379882807,374.6605224609375,58.69483947753906,372.8826904296875,66.2598876953125,388.1670227050781
181,76.98905944824219,77.73748779296875,67.28224182128906,316.59698486328125,77.38380432128903,374.6605224609375,58.67988586425781,372.9966735839844,66.27667236328125,388.16839599609375
182,74.58491516113281,75.16527557373047,67.55760192871094,316.1532592773437,77.37950134277344,374.5299682617188,58.56951904296875,372.8826904296875,66.39128112792969,388.2715759277344
183,74.58491516113281,72.95865631103516,68.10987854003906,316.1532592773437,77.37950134277344,374.41107177734375,58.45399475097656,372.8279724121094,66.39295959472656,388.2715759277344
184,74.48162841796875,70.26636505126953,68.34185791015625,316.1532592773437,77.39114379882807,374.1439514160156,58.41661071777344,372.3307189941406,66.43571472167969,388.2715759277344
185,74.38189697265625,68.78739929199219,68.44004821777344,315.4610900878906,77.49876403808597,373.90325927734375,58.385162353515625,371.9246215820313,66.44004821777344,388.1676635742188
186,74.20783996582031,68.05864715576172,68.44004821777344,315.4276428222656,77.55276489257807,373.826171875,58.36210632324219,371.89984130859375,66.43571472167969,388.1676635742188
187,72.8926696777344,67.37345123291016,68.44004821777344,315.4276428222656,77.55276489257807,373.7994995117188,58.22990417480469,371.8542175292969,66.43571472167969,388.1676635742188
188,72.36984252929688,65.48789978027344,68.24070739746094,315.4276428222656,77.55276489257807,373.5249633789063,57.91896057128906,371.80859375,66.37928771972656,388.3385009765625
189,72.19427490234372,63.34416961669922,67.74299621582031,315.4276428222656,77.42645263671875,373.35791015625,57.86187744140625,371.6953430175781,66.34843444824219,388.347900390625
190,71.682373046875,61.75368881225586,67.36483764648438,315.4646911621094,77.33518981933597,373.1575622558594,57.73176574707031,371.6842346191406,66.34843444824219,388.347900390625
191,71.682373046875,61.615821838378906,67.36483764648438,315.5915832519531,77.30300903320312,373.1078186035156,57.635650634765625,371.5962219238281,66.33050537109375,388.3768615722656
192,71.682373046875,61.59281921386719,67.32322692871094,315.4646911621094,77.22502136230469,373.0630798339844,57.51225280761719,371.5833129882813,66.33050537109375,388.3768615722656
193,71.8026123046875,61.56956481933594,67.25581359863281,315.9184875488281,77.12150573730469,372.92718505859375,57.27830505371094,371.522705078125,66.15267944335938,388.3324279785156
194,72.16964721679688,60.97111511230469,66.5673828125,315.99737548828125,77.0308837890625,372.89202880859375,57.13514709472656,371.5060119628906,66.04225158691406,388.2793273925781
195,72.43254089355469,60.97111511230469,66.5673828125,316.0054016113281,76.93777465820312,372.8865356445313,57.11439514160156,371.4318237304688,66.040771484375,388.2515563964844
196,72.45100402832031,60.97111511230469,66.5673828125,316.4172668457031,76.93777465820312,372.8402404785156,57.11439514160156,371.3536376953125,65.97776794433594,388.2062683105469
197,72.53126525878903,62.75701522827149,66.5673828125,316.4172668457031,76.84417724609372,372.8680114746094,57.13514709472656,371.3821411132813,65.97169494628906,388.2038269042969
198,72.578125,63.95852279663086,66.41299438476562,316.4662170410156,76.80230712890625,372.8865356445313,57.14599609375,371.3821411132813,65.96681213378906,388.1695861816406
199,73.48255920410159,64.87789154052734,66.0518798828125,316.5127868652344,76.69291687011719,372.8865356445313,57.243560791015625,371.3821411132813,65.79014587402344,388.1477661132813
200,73.48255920410159,66.92945861816406,66.0518798828125,316.5555725097656,76.69291687011719,373.11181640625,57.35017395019531,371.8634948730469,65.96681213378906,388.1695861816406
201,73.48255920410159,72.74533081054688,65.01046752929688,316.7032470703125,76.69291687011719,373.1500549316406,57.36515808105469,372.0726013183594,65.97169494628906,388.1160888671875
202,73.05421447753903,82.02366638183594,64.66169738769531,317.3713073730469,76.90946960449219,373.1500549316406,58.52372741699219,372.0726013183594,66.27967834472656,388.1126403808594
203,72.67501831054688,90.25096893310548,64.66169738769531,316.7032470703125,77.2935485839844,373.1500549316406,58.77043151855469,372.0726013183594,66.33807373046875,387.5234069824219
204,72.563720703125,95.13180541992188,63.82350158691406,316.7032470703125,77.38847351074219,371.6532897949219,59.05760192871094,372.0268249511719,66.61184692382812,386.601806640625
205,72.563720703125,95.60182189941406,63.239532470703125,316.3345031738281,77.38847351074219,367.6019287109375,59.05760192871094,368.8598327636719,67.86549377441406,384.5661010742188
206,72.26568603515625,95.6309585571289,62.7342529296875,315.8091125488281,76.90946960449219,362.5306701660156,58.52372741699219,365.6195983886719,67.86549377441406,380.5212707519531
207,72.07978820800781,95.91422271728516,62.7342529296875,315.2381896972656,75.95242309570312,360.26177978515625,58.42279052734375,363.08740234375,67.86549377441406,375.8356323242188
208,71.4249267578125,95.9935073852539,60.2103271484375,313.9417724609375,72.97734069824219,356.8968811035156,55.73832702636719,358.9779663085937,64.80303955078125,372.8084411621094
209,71.39689636230469,97.11248016357422,60.208404541015625,313.5440673828125,72.97734069824219,354.473876953125,55.73832702636719,357.209716796875,64.80303955078125,370.5507507324219
210,71.39689636230469,97.17671966552734,60.196075439453125,313.4047546386719,72.97734069824219,352.2040405273437,55.73832702636719,355.5222473144531,64.80303955078125,368.0635070800781
211,71.4249267578125,97.23026275634766,60.196075439453125,313.01971435546875,73.61383056640625,350.0298156738281,56.40315246582031,352.7836303710937,66.26853942871094,364.2366333007813
212,72.08421325683597,97.21272277832033,60.2103271484375,312.5952453613281,74.23558044433597,349.6113586425781,57.156005859375,352.07666015625,67.43959045410156,361.8744201660156
213,72.56442260742188,97.21272277832033,60.628204345703125,311.7756042480469,74.51750183105469,349.53338623046875,57.71061706542969,351.11376953125,68.15103149414062,359.9029235839844
214,72.85014343261719,97.4917984008789,60.700347900390625,311.56109619140625,74.82882690429688,349.3602294921875,57.71061706542969,351.0035095214844,68.15103149414062,359.665771484375
215,72.85014343261719,97.71227264404295,61.16534423828125,311.5518798828125,75.00180053710935,349.1552124023437,57.71061706542969,350.6495361328125,68.15103149414062,359.6230773925781
216,72.87210083007807,97.93011474609376,61.17704772949219,311.39031982421875,75.03169250488281,348.8292541503906,57.47956848144531,350.3875732421875,68.10212707519531,359.4757385253906
217,72.87210083007807,97.94117736816406,61.17704772949219,311.09039306640625,75.0498962402344,348.5679931640625,57.30421447753906,350.3830261230469,68.02398681640625,359.3680114746094
218,72.78242492675781,98.11265563964844,61.17704772949219,310.9102783203125,75.0498962402344,348.56719970703125,57.29981994628906,350.3830261230469,67.88410949707031,359.3680114746094
219,72.75125122070312,98.1949691772461,61.17054748535156,310.9102783203125,75.0498962402344,348.56719970703125,57.24433898925781,350.3830261230469,67.810302734375,359.3504638671875
220,72.62017822265625,98.21526336669922,61.033355712890625,310.9102783203125,74.93565368652344,348.5679931640625,57.026275634765625,350.4032592773437,67.81436157226562,359.3116760253906
221,72.50436401367188,98.88706970214844,61.033355712890625,311.32574462890625,74.93565368652344,348.7496337890625,57.026275634765625,350.4720153808594,67.81436157226562,359.3116760253906
222,72.43930053710935,98.88706970214844,61.01521301269531,311.3628845214844,74.93077087402344,348.7994079589844,57.026275634765625,350.5360717773437,67.81436157226562,359.4436340332031
223,72.40037536621091,98.88706970214844,61.01521301269531,311.3674011230469,74.90655517578125,348.988525390625,57.026275634765625,350.7623291015625,68.16902160644531,359.4798278808594
224,72.18923950195312,98.89436340332033,61.033355712890625,311.4412536621094,74.90655517578125,349.44512939453125,57.026275634765625,351.1275329589844,68.16902160644531,359.6185913085937
225,72.15910339355469,98.75069427490234,61.114959716796875,311.56890869140625,74.93077087402344,350.698974609375,56.89288330078125,351.7554931640625,68.16902160644531,360.5502014160156
226,72.10145568847656,98.71853637695312,61.224761962890625,314.07391357421875,74.93077087402344,358.1747741699219,56.757476806640625,359.9438171386719,66.28652954101562,369.541015625
227,72.15910339355469,98.71853637695312,62.24501037597656,315.5794677734375,75.243408203125,369.3150024414063,56.71434020996094,368.8226318359375,65.47232055664062,382.8717041015625
228,72.15910339355469,97.48243713378906,63.354522705078125,315.9815368652344,75.79148864746091,372.9501037597656,56.59417724609375,371.7933349609375,65.12452697753906,386.6269226074219
229,73.06858825683597,94.00257873535156,64.224365234375,315.9815368652344,75.79148864746091,373.83404541015625,56.47355651855469,372.3076477050781,64.54983520507812,386.7521667480469
230,74.04402160644531,88.88116455078125,64.62796020507812,315.9815368652344,75.84465026855469,374.2735595703125,56.47355651855469,372.587646484375,63.91539001464844,387.1920166015625
231,76.09393310546875,83.90937805175781,65.78816223144531,315.5148010253906,75.79148864746091,374.6189880371094,56.443695068359375,372.6354370117188,63.64488220214844,387.6274108886719
232,76.09393310546875,80.56755065917969,66.05926513671875,315.5148010253906,75.75468444824219,374.9036865234375,56.238433837890625,372.6575012207031,63.360595703125,387.7634582519531
233,76.09393310546875,80.34965515136719,66.05926513671875,315.5148010253906,75.68341064453125,374.9036865234375,56.230133056640625,372.7186279296875,63.324798583984375,387.8030090332031
234,75.39537048339844,78.58670806884766,66.05926513671875,315.50537109375,75.68341064453125,374.9036865234375,55.940826416015625,372.8905334472656,63.173980712890625,387.828369140625
235,74.188720703125,75.83045959472656,64.46885681152344,315.51385498046875,75.24061584472656,374.74896240234375,55.48027038574219,372.8905334472656,63.050994873046875,387.8948364257813
236,73.4385986328125,74.08697509765625,64.46885681152344,315.51385498046875,75.24061584472656,374.588134765625,55.475830078125,372.8905334472656,62.977752685546875,388.0400695800781
237,73.36164855957031,71.39653015136719,64.46885681152344,315.50537109375,75.24061584472656,374.5030517578125,55.475830078125,372.56292724609375,62.977752685546875,388.0400695800781
238,73.33282470703125,68.1248779296875,66.00688171386719,315.21563720703125,75.44279479980469,373.6758117675781,55.48027038574219,371.7817077636719,63.050994873046875,388.1070556640625
239,73.25822448730469,65.86347961425781,66.84928894042969,314.4158935546875,75.98979187011719,373.43017578125,55.783966064453125,371.57708740234375,62.91972351074219,388.2800598144531
240,72.31207275390625,64.59661865234375,66.84928894042969,314.0220947265625,75.98979187011719,373.4241027832031,55.783966064453125,371.4298095703125,62.91972351074219,388.2800598144531
241,70.63233947753906,64.52315521240234,67.26870727539062,313.7412414550781,75.98979187011719,373.21490478515625,55.783966064453125,371.2704772949219,62.95782470703125,388.2800598144531
242,69.71064758300781,63.73638534545898,67.26870727539062,313.7412414550781,75.98979187011719,373.21490478515625,55.783966064453125,370.9941711425781,62.95782470703125,388.2800598144531
243,69.71064758300781,62.68159103393555,67.30580139160156,313.51251220703125,75.98979187011719,373.21490478515625,55.783966064453125,370.8039245605469,62.95782470703125,388.2679748535156
244,69.71064758300781,61.705841064453125,67.853515625,313.51251220703125,76.23577880859372,373.2764892578125,55.88447570800781,370.7241821289063,63.05900573730469,388.2679748535156
245,71.36370849609372,61.705841064453125,69.03408813476562,313.4241943359375,76.47080993652344,373.417724609375,56.204986572265625,370.5085144042969,63.24565124511719,388.32330322265625
246,71.7813720703125,61.705841064453125,69.03408813476562,313.4241943359375,76.4947509765625,373.4344787597656,56.24415588378906,370.5085144042969,63.350494384765625,388.32330322265625
247,73.08244323730469,61.96541213989258,69.03408813476562,313.4241943359375,76.4947509765625,373.4344787597656,56.24415588378906,370.5085144042969,63.350494384765625,388.2872619628906
248,73.90531921386719,62.91843032836914,68.56362915039062,313.4734191894531,76.4947509765625,373.4344787597656,56.272003173828125,371.0601501464844,63.350494384765625,388.30078125
249,74.57499694824219,63.67863464355469,68.17500305175781,313.64019775390625,76.48956298828125,373.4596862792969,56.24415588378906,371.0835571289063,63.350494384765625,388.2872619628906
250,75.18228149414065,64.45711517333984,67.96072387695312,313.8441772460937,76.48699951171875,373.4596862792969,56.208221435546875,371.8125305175781,62.9932861328125,388.2699279785156
251,75.18228149414065,65.83550262451172,66.02783203125,314.4768371582031,76.23960876464844,373.4596862792969,56.01499938964844,371.9718017578125,62.9932861328125,388.197509765625
252,75.18228149414065,69.91761779785156,66.02783203125,315.3643493652344,76.23960876464844,373.4596862792969,56.01499938964844,371.9812927246094,62.9932861328125,388.0670166015625
253,74.57194519042969,76.18667602539062,65.877685546875,315.4853210449219,76.23960876464844,373.1080322265625,56.01499938964844,371.9718017578125,63.703216552734375,387.9329833984375
254,73.35911560058597,83.46490478515625,63.337249755859375,316.0619201660156,76.52212524414065,373.0833740234375,57.809661865234375,371.9718017578125,65.26377868652344,387.7784118652344
255,73.1405029296875,91.7103271484375,63.337249755859375,316.0619201660156,76.52212524414065,372.8731689453125,58.41011047363281,371.5589599609375,66.93492126464844,386.4770202636719
256,72.9473876953125,95.42283630371094,63.24070739746094,315.4853210449219,76.61276245117188,369.2642822265625,58.55595397949219,368.7283020019531,67.85885620117188,381.9896240234375
257,72.59048461914065,95.5733642578125,63.19244384765625,314.86962890625,76.61276245117188,363.9827880859375,58.55595397949219,364.4782409667969,68.28561401367188,375.3001403808594
258,72.298828125,96.27387237548828,62.95487976074219,314.5564880371094,75.95416259765625,359.652099609375,58.41011047363281,360.85791015625,68.28561401367188,370.218505859375
259,71.83384704589844,96.27387237548828,62.467926025390625,313.7932434082031,74.8226623535156,357.3395690917969,57.458984375,358.1737976074219,68.28561401367188,366.7037963867188
260,71.83384704589844,96.63552856445312,61.90155029296875,312.5890197753906,74.8226623535156,354.6444396972656,57.458984375,355.1595764160156,68.28561401367188,362.6595764160156
261,71.83384704589844,96.90158081054688,61.90155029296875,312.2045288085937,74.8226623535156,352.5168151855469,56.840057373046875,352.9031677246094,68.28561401367188,360.3525695800781
262,72.01191711425781,97.04972839355467,61.90155029296875,311.94732666015625,75.08464050292969,352.2113952636719,56.55766296386719,352.106689453125,68.24215698242188,359.4007263183594
263,72.5902099609375,97.19770050048828,61.98542785644531,311.0384216308594,75.60806274414065,350.5425109863281,56.840057373046875,350.8484191894531,68.58177185058594,357.787353515625
264,73.1793212890625,97.19770050048828,61.989227294921875,311.0338134765625,75.70208740234372,350.1061706542969,57.00508117675781,350.4019775390625,68.71348571777344,357.3409423828125
265,73.1793212890625,97.24932861328124,61.989227294921875,311.02783203125,76.12077331542969,349.5584411621094,56.840057373046875,350.0992736816406,68.58177185058594,356.9800720214844
266,73.1793212890625,97.24932861328124,61.98542785644531,311.02008056640625,76.12077331542969,349.1664428710937,56.77677917480469,349.8201599121094,68.31494140625,356.87847900390625
267,72.81332397460935,97.3463363647461,61.9027099609375,310.8717346191406,76.12077331542969,349.0731506347656,56.77677917480469,349.7532958984375,68.31494140625,356.8622131347656
268,72.51397705078125,97.58536529541016,61.661834716796875,310.7839660644531,75.81626892089844,348.9920654296875,56.75227355957031,349.7337646484375,67.9053955078125,356.6699523925781
269,72.44413757324219,97.86471557617188,61.52496337890625,310.7839660644531,75.71356201171875,348.991943359375,56.60899353027344,349.594970703125,67.66911315917969,356.5845642089844
270,72.41000366210935,97.91983032226562,61.51655578613281,310.81036376953125,75.6519775390625,348.991943359375,56.45887756347656,349.7337646484375,67.541748046875,356.5845642089844
271,72.32676696777344,97.93992614746094,61.51655578613281,310.81036376953125,75.6519775390625,348.991943359375,56.45887756347656,349.7337646484375,67.541748046875,356.5845642089844
272,72.30381774902344,97.93992614746094,61.52496337890625,310.8602905273437,75.61355590820312,349.4542236328125,56.45887756347656,349.8838195800781,67.541748046875,356.8507385253906
273,72.30381774902344,98.15782928466795,61.61824035644531,310.8770751953125,75.61355590820312,349.6043701171875,56.6009521484375,350.1688842773437,67.75599670410156,357.1307373046875
274,72.30381774902344,98.15203094482422,61.73661804199219,310.8878173828125,75.396728515625,349.8017272949219,56.75587463378906,350.3882141113281,68.02859497070312,357.334228515625
275,72.69342041015625,98.15203094482422,61.789215087890625,311.7983093261719,75.396728515625,350.8685302734375,56.75587463378906,351.4643859863281,68.02859497070312,358.7532958984375
276,72.89555358886719,98.15203094482422,61.963287353515625,312.96685791015625,75.396728515625,355.3252868652344,57.17390441894531,356.26043701171875,68.02859497070312,364.5760192871094
277,73.11325073242188,97.98263549804688,63.745086669921875,315.4895324707031,75.52922058105469,368.3858947753906,57.1846923828125,367.9499206542969,66.57225036621094,379.1885986328125
278,73.53244018554688,96.68162536621094,63.9759521484375,316.5082702636719,76.13934326171875,372.5960693359375,57.17390441894531,371.301513671875,66.00027465820312,386.3115539550781
279,74.39642333984372,94.63665771484376,64.02597045898438,316.5082702636719,76.48054504394531,373.7586059570313,57.302490234375,372.2492065429688,65.89352416992188,386.8316955566406
280,74.76730346679688,90.10015106201172,64.09150695800781,316.5082702636719,76.60659790039065,374.3447265625,57.60038757324219,372.3771362304688,65.56411743164062,387.2752990722656
281,76.80209350585935,84.3162841796875,66.25740051269531,316.2767333984375,76.60659790039065,374.4625854492188,57.610107421875,372.6843872070313,65.46623229980469,387.3170776367188
282,77.23551940917969,80.21045684814453,67.1287841796875,315.8097229003906,76.50788879394531,374.4661254882813,57.302490234375,372.6843872070313,65.26300048828125,387.5990295410156
283,77.23551940917969,78.01517486572266,67.1287841796875,315.8097229003906,76.50788879394531,374.4661254882813,57.302490234375,372.5804138183594,65.24830627441406,387.60345458984375
284,77.23551940917969,75.64657592773438,67.1287841796875,315.8097229003906,76.50788879394531,374.4661254882813,57.1396484375,372.5804138183594,65.12139892578125,387.6355590820313
285,75.04804992675781,73.9546127319336,66.22012329101562,315.6266784667969,76.12603759765625,374.2089538574219,56.25917053222656,372.3951110839844,64.79193115234375,387.9145812988281
286,73.6297607421875,71.12866973876953,66.22012329101562,315.542724609375,76.12603759765625,374.1472473144531,56.25917053222656,372.3678588867188,64.5982666015625,388.0154724121094
287,73.6297607421875,68.38607025146484,66.22012329101562,314.8242492675781,76.12603759765625,374.07373046875,56.25917053222656,372.0009460449219,64.5982666015625,388.1269836425781
288,73.6297607421875,66.7652816772461,67.50839233398438,314.8242492675781,76.35456848144531,373.9689025878906,56.29383850097656,371.9747924804688,64.54557800292969,388.1269836425781
289,73.47846984863281,64.99244689941406,67.50839233398438,314.8242492675781,76.4408264160156,373.6320495605469,56.29383850097656,371.5848693847656,64.5186767578125,388.1269836425781
290,73.47846984863281,64.8386001586914,67.50839233398438,315.72760009765625,76.4408264160156,373.5625,56.311676025390625,371.4826354980469,64.5186767578125,388.0356750488281
291,71.34422302246091,64.41291046142578,67.09739685058594,316.16827392578125,76.3778381347656,373.5509643554688,56.29383850097656,371.4811401367188,64.49302673339844,387.8792419433594
292,69.17890930175781,64.39236450195312,67.09739685058594,316.1739501953125,76.3778381347656,373.4206237792969,56.29383850097656,371.4811401367188,64.43138122558594,387.8194885253906
293,69.17890930175781,64.31725311279297,66.99800109863281,316.3954162597656,76.40580749511719,373.3718872070313,56.311676025390625,371.4811401367188,64.43138122558594,387.8101196289063
294,69.17890930175781,64.39236450195312,67.0601806640625,316.3954162597656,76.40580749511719,373.3718872070313,56.36570739746094,371.4811401367188,64.43138122558594,387.7607727050781
295,71.1602783203125,64.41291046142578,67.0601806640625,316.3954162597656,76.41429138183597,373.3037414550781,56.37335205078125,371.4811401367188,64.48594665527344,387.7607727050781
296,71.729248046875,64.61154174804688,66.88369750976562,316.3954162597656,76.41429138183597,373.2931823730469,56.37335205078125,371.6285705566406,64.48594665527344,387.7446899414063
297,72.21929931640625,65.19949340820312,66.18681335449219,316.3954162597656,76.41429138183597,373.1771240234375,56.37335205078125,371.6610107421875,64.48594665527344,387.7446899414063
298,72.48121643066409,65.20184326171875,64.66342163085938,316.0009765625,76.1880798339844,373.1771240234375,55.95936584472656,371.7044982910156,64.32197570800781,387.6803894042969
299,72.55172729492188,66.89936065673828,64.66342163085938,316.0009765625,76.1880798339844,373.1771240234375,55.95936584472656,371.70794677734375,64.32197570800781,387.4178771972656
300,73.10575866699219,71.22189331054688,64.66342163085938,315.86053466796875,76.1880798339844,373.2529296875,55.95936584472656,371.8053588867188,64.32197570800781,387.4178771972656
301,73.18243408203125,76.73503112792969,66.18997192382812,315.86053466796875,76.2901611328125,373.65911865234375,57.10069274902344,372.4064636230469,64.93083190917969,387.40869140625
302,73.52134704589844,84.59797668457031,66.18997192382812,315.86053466796875,77.03529357910159,373.65911865234375,58.48973083496094,372.4064636230469,65.74380493164062,387.0439453125
303,73.18243408203125,91.83169555664062,66.18997192382812,317.3551940917969,77.29841613769531,373.65911865234375,58.95379638671875,372.4064636230469,66.48049926757812,386.8266296386719
304,73.10575866699219,96.22183227539062,66.0888671875,317.3551940917969,77.31944274902344,371.7892761230469,59.05805969238281,371.39697265625,66.92715454101562,385.3221435546875
305,72.41438293457031,96.2677001953125,65.096923828125,317.3551940917969,77.31944274902344,368.1548767089844,59.42613220214844,367.7124938964844,69.08131408691406,380.8300476074219
306,71.59002685546875,96.59066772460938,64.74609375,315.9337463378906,77.29841613769531,363.7047424316406,59.42613220214844,364.6690979003906,69.08131408691406,375.943115234375
307,71.59002685546875,96.59066772460938,64.72547912597656,315.8163146972656,76.40730285644531,360.9556884765625,59.42613220214844,362.267822265625,69.08131408691406,371.6225891113281
308,71.59002685546875,96.78042602539062,63.33665466308594,314.03582763671875,74.6851501464844,358.7447509765625,57.249420166015625,359.1339111328125,68.49482727050781,367.9779968261719
309,71.66828918457031,96.79064178466795,63.290008544921875,313.9950866699219,74.28854370117188,355.7879943847656,56.83563232421875,356.25830078125,68.17573547363281,364.61334228515625
310,71.97149658203125,97.115234375,63.290008544921875,313.6860656738281,74.28854370117188,353.6892395019531,56.42796325683594,354.4217529296875,67.76339721679688,362.695556640625
311,72.18351745605469,97.28361511230467,63.33665466308594,312.9765930175781,74.34979248046875,352.83770751953125,56.83563232421875,351.6213684082031,68.17573547363281,360.1749572753906
312,72.42286682128903,97.40654754638672,63.413604736328125,311.87359619140625,74.6851501464844,352.0732727050781,57.139373779296875,351.0878295898437,68.27496337890625,359.10400390625
313,72.93896484375,97.40654754638672,63.567596435546875,311.85552978515625,75.458740234375,351.35479736328125,57.139373779296875,351.0830993652344,68.27496337890625,358.5948181152344
314,73.63137817382807,97.28361511230467,63.70411682128906,311.7996826171875,75.48452758789065,351.0096435546875,57.139373779296875,350.8866271972656,68.27496337890625,358.3757019042969
315,73.63137817382807,97.19898986816406,63.70411682128906,311.7996826171875,75.48452758789065,350.8509216308594,57.139373779296875,350.5267028808594,68.27496337890625,358.2201232910156
316,73.63137817382807,97.19898986816406,63.70411682128906,311.49468994140625,75.49909973144531,350.5721740722656,56.95915222167969,350.378662109375,68.32408142089844,357.7225646972656
317,73.31404113769531,97.11648559570312,63.45494079589844,311.49468994140625,75.48452758789065,350.5721740722656,56.93072509765625,350.378662109375,68.16195678710938,357.7225646972656
318,72.6407165527344,97.11648559570312,63.269989013671875,311.49468994140625,75.43556213378903,350.5721740722656,56.88996887207031,350.378662109375,68.1575927734375,357.7225646972656
319,71.87922668457031,97.27423095703124,63.2017822265625,311.5293884277344,75.18028259277344,350.8479919433594,56.8277587890625,350.47137451171875,68.0992431640625,357.7469482421875
320,71.87922668457031,97.27423095703124,62.72918701171875,311.5641784667969,74.61056518554688,351.1444702148437,56.516571044921875,350.5891418457031,67.92813110351562,358.0489501953125
321,71.87922668457031,97.11648559570312,62.72918701171875,311.6021423339844,74.28202819824219,351.6199035644531,56.49848937988281,351.0235900878906,67.88056945800781,358.8989562988281
322,71.88265991210935,97.1097412109375,62.72918701171875,312.9725952148437,74.28202819824219,352.6948547363281,55.92311096191406,353.5244445800781,67.48493957519531,361.6411743164063
323,71.93727111816409,96.95654296875,63.660736083984375,315.38037109375,74.28202819824219,366.2966918945313,55.92311096191406,365.5054626464844,65.00741577148438,376.8050537109375
324,71.9659423828125,96.378173828125,64.63890075683594,316.5655517578125,74.71435546875,372.648193359375,55.88050842285156,371.0723571777344,64.26724243164062,384.9840393066406
325,72.73500061035159,94.1178207397461,65.35824584960938,316.5655517578125,74.71435546875,372.8736572265625,55.84480285644531,371.3527526855469,64.00787353515625,385.4341125488281
326,73.61305236816409,90.62784576416016,66.0460205078125,316.5655517578125,74.71435546875,373.4476623535156,55.85639953613281,371.7659912109375,63.417694091796875,385.9752807617188
327,75.94242858886719,86.25296020507812,66.7525634765625,315.3124084472656,74.61836242675781,373.7680358886719,55.88050842285156,372.0647583007813,63.13319396972656,386.4730529785156
328,76.91719055175781,83.83184051513672,67.06640625,314.9423217773437,74.5865478515625,373.948486328125,55.85639953613281,372.1323852539063,63.099945068359375,386.68548583984375
329,76.91719055175781,83.79537200927734,67.06640625,314.9423217773437,74.55119323730469,374.4353332519531,55.826416015625,372.4563598632813,63.09672546386719,387.0964965820313
330,76.91719055175781,83.24308776855469,67.06640625,314.9423217773437,74.55119323730469,374.4353332519531,55.745697021484375,372.4563598632813,63.09672546386719,387.1053771972656
331,76.82122802734372,82.77220153808594,66.376708984375,314.9423217773437,74.415283203125,374.4353332519531,55.629608154296875,372.4563598632813,63.07191467285156,387.1053771972656
332,76.54330444335935,79.71089935302734,66.376708984375,314.9534912109375,74.415283203125,374.4521789550781,55.382843017578125,372.2430419921875,62.71614074707031,387.1212463378906
333,76.44172668457031,76.7082748413086,66.376708984375,314.98406982421875,74.415283203125,374.3483581542969,55.220855712890625,372.1604614257813,62.47981262207031,387.1212463378906
334,76.31069946289065,74.08287048339844,66.43193054199219,315.0188903808594,74.42330932617188,374.1969909667969,55.1915283203125,372.0673828125,62.47540283203125,387.1212463378906
335,75.46842956542969,72.347412109375,66.43193054199219,315.1177673339844,74.42330932617188,374.1144409179688,55.18046569824219,371.93206787109375,62.46044921875,387.2436828613281
336,74.80523681640625,70.94214630126953,66.43193054199219,315.1177673339844,74.42330932617188,374.0630187988281,55.170745849609375,371.6567993164063,62.32562255859375,387.2436828613281
337,73.33628845214844,70.57586669921875,65.01748657226562,315.71417236328125,73.96818542480469,374.0630187988281,54.765655517578125,371.6567993164063,62.324554443359375,387.3372192382813
338,72.7276306152344,69.01006317138672,64.97650146484375,315.7397155761719,73.96818542480469,374.1144409179688,54.69508361816406,371.7772216796875,62.11515808105469,387.3372192382813
339,72.7276306152344,68.83008575439453,64.97650146484375,315.7397155761719,73.96818542480469,374.195556640625,54.6463623046875,371.7772216796875,62.10160827636719,387.2666931152344
340,72.7276306152344,68.69194793701172,65.01748657226562,314.9652404785156,74.00544738769531,374.24847412109375,54.6463623046875,371.6223754882813,62.10160827636719,387.19049072265625
341,72.7276306152344,68.6265869140625,66.2509765625,314.80059814453125,74.24169921875,374.24847412109375,54.6290283203125,371.61419677734375,61.96751403808594,387.19049072265625
342,72.7276306152344,68.5760498046875,66.2509765625,314.80059814453125,74.24169921875,374.195556640625,54.60914611816406,371.5489196777344,61.91908264160156,387.1537780761719
343,72.80345153808597,68.6265869140625,66.2509765625,314.80059814453125,74.24169921875,374.1695861816406,54.60914611816406,371.4921875,61.91180419921875,387.0771484375
344,72.80345153808597,68.6265869140625,64.74192810058594,315.73858642578125,74.05192565917969,373.974853515625,54.513763427734375,371.4862060546875,61.91908264160156,386.9841003417969
345,72.92550659179688,68.66993713378906,64.74192810058594,315.73858642578125,74.05192565917969,373.8794250488281,54.513763427734375,371.4862060546875,61.96751403808594,386.8621520996094
346,73.10256958007807,69.70286560058594,64.74192810058594,315.73858642578125,74.05192565917969,373.8343811035156,54.513763427734375,371.4921875,62.058502197265625,386.8621520996094
347,73.1593017578125,72.34114837646484,66.04667663574219,314.8582458496094,74.1996154785156,373.8343811035156,54.81596374511719,371.5557556152344,62.14631652832031,386.8621520996094
348,73.54135131835935,74.36906433105469,66.04667663574219,314.8582458496094,74.32838439941409,373.8343811035156,55.32554626464844,371.6282043457031,62.425445556640625,386.9820251464844
349,74.47093200683597,76.32270050048828,66.04667663574219,314.8582458496094,74.54002380371091,373.8343811035156,55.40325927734375,371.7484130859375,62.60406494140625,386.9820251464844
350,74.67019653320312,76.96172332763672,66.04667663574219,315.4352111816406,74.6417236328125,373.8343811035156,55.446258544921875,371.9783325195313,62.73374938964844,387.03955078125
351,74.67019653320312,81.34083557128906,65.8326416015625,315.4820861816406,74.76214599609372,373.6742858886719,55.86480712890625,372.0142822265625,63.062286376953125,386.9820251464844
352,74.67019653320312,89.66385650634766,65.76388549804688,316.1756591796875,75.24742126464844,373.6206665039063,56.45263671875,372.0142822265625,63.638946533203125,386.9570007324219
353,74.67019653320312,96.0864028930664,65.76388549804688,317.4486389160156,75.286376953125,373.6199340820313,56.48187255859375,372.0697021484375,64.00614929199219,386.9570007324219
354,74.67019653320312,96.15949249267578,65.26699829101562,317.6928100585937,75.32432556152344,373.3260803222656,56.54945373535156,372.0697021484375,64.29393005371094,386.9070739746094
355,75.18624877929688,96.3761215209961,65.24273681640625,317.9857788085937,75.63627624511719,373.1943359375,57.0050048828125,372.1408081054688,64.89620971679688,386.802978515625
356,75.47148132324219,96.5167465209961,65.24273681640625,318.1889953613281,75.63627624511719,373.1943359375,57.0050048828125,372.1956176757813,64.89620971679688,386.9070739746094
357,75.56951904296875,96.55316925048828,65.26699829101562,318.3441467285156,75.68533325195312,373.3260803222656,57.0050048828125,372.269775390625,64.89620971679688,386.90765380859375
358,75.56951904296875,96.55316925048828,65.3951416015625,318.3441467285156,75.68533325195312,373.4163513183594,56.999969482421875,372.278564453125,64.60646057128906,386.90765380859375
359,75.56951904296875,96.55316925048828,65.39852905273438,318.4330139160156,75.57037353515625,373.5583190917969,56.9434814453125,372.4903869628906,64.56878662109375,387.0260620117188
360,75.58406066894531,96.5167465209961,65.4906005859375,318.4330139160156,75.53205871582031,373.5892639160156,56.890350341796875,372.4903869628906,64.1768798828125,387.0260620117188
361,75.86601257324219,96.55316925048828,65.71723937988281,318.4330139160156,75.57037353515625,373.7945556640625,56.890350341796875,372.6020202636719,64.09597778320312,387.0534057617188
362,76.82023620605469,96.70555877685548,66.15138244628906,318.4330139160156,75.57037353515625,373.8733215332031,56.890350341796875,372.6189575195313,64.09597778320312,387.0260620117188
363,77.76611328125,96.70555877685548,66.36051940917969,318.6878356933594,75.66432189941409,373.7945556640625,57.02262878417969,372.6189575195313,64.07684326171875,387.0033264160156
364,77.92239379882807,96.6201171875,66.42854309082031,318.6878356933594,75.90672302246091,373.8733215332031,57.10618591308594,372.5941467285156,64.03964233398438,386.9972839355469
365,77.92239379882807,97.1126937866211,66.42854309082031,318.6878356933594,76.02670288085935,373.8733215332031,57.10618591308594,372.5941467285156,64.06629943847656,387.0033264160156
366,77.92239379882807,97.15746307373048,66.36051940917969,318.6878356933594,76.02670288085935,373.8733215332031,57.11930847167969,372.5941467285156,64.06629943847656,387.0033264160156
367,77.41764831542969,97.89651489257812,66.35092163085938,318.6878356933594,76.02670288085935,373.878173828125,57.11930847167969,372.5941467285156,64.06629943847656,387.0390930175781
368,77.06910705566409,98.17411041259766,66.35092163085938,318.72149658203125,76.02560424804688,373.9402770996094,57.10618591308594,372.6466979980469,64.20736694335938,387.0899658203125
369,77.05148315429688,98.17411041259766,66.35092163085938,318.72149658203125,75.8663330078125,373.9402770996094,57.11930847167969,372.6466979980469,64.27772521972656,387.0962219238281
370,77.0479431152344,98.17411041259766,66.39065551757812,318.72149658203125,75.8663330078125,373.9402770996094,57.16047668457031,372.6466979980469,64.33761596679688,387.1487426757813
371,76.81881713867188,98.07101440429688,66.49586486816406,318.6388244628906,75.86175537109372,373.9347229003906,57.18408203125,372.5366516113281,64.3612060546875,387.1544799804688
372,76.73751831054688,97.8497543334961,66.5184326171875,318.482666015625,75.86175537109372,373.8872985839844,57.16047668457031,372.4881896972656,64.3612060546875,387.1632080078125
373,76.73751831054688,97.4505615234375,66.666015625,318.482666015625,75.8663330078125,373.87158203125,57.190399169921875,372.4627380371094,64.3612060546875,387.1671142578125
374,76.73751831054688,97.4505615234375,66.666015625,318.482666015625,75.86175537109372,373.87158203125,57.190399169921875,372.4627380371094,64.34889221191406,387.1735229492188
375,76.75325012207031,97.4505615234375,66.666015625,318.54107666015625,75.86175537109372,373.8688049316406,57.190399169921875,372.4368896484375,64.34658813476562,387.1735229492188
376,77.17115783691409,97.47650909423828,66.62455749511719,318.7885131835937,75.86817932128903,373.8659057617188,57.190399169921875,372.3489990234375,64.29757690429688,387.1735229492188
377,77.29200744628903,97.6301727294922,66.62455749511719,318.8575134277344,75.86817932128903,373.8688049316406,57.190399169921875,372.2635192871094,64.29727172851562,387.1189575195313
378,77.29200744628903,97.85261535644533,66.5098876953125,318.8575134277344,75.88969421386719,373.9244689941406,57.181243896484375,372.2635192871094,64.29727172851562,387.1189575195313
379,77.29200744628903,97.85261535644533,66.5098876953125,318.7885131835937,75.90151977539065,373.9244689941406,57.269805908203125,372.2635192871094,64.29757690429688,387.1189575195313
380,76.904052734375,97.939697265625,66.5098876953125,318.7593688964844,75.90216064453125,373.9272155761719,57.246917724609375,372.3716125488281,64.38441467285156,387.146240234375
381,76.904052734375,97.85261535644533,66.52862548828125,318.73468017578125,75.92282104492188,373.9747009277344,57.246917724609375,372.3847351074219,64.46159362792969,387.146240234375
382,76.904052734375,97.82054138183594,66.61949157714844,318.5482177734375,75.96867370605469,373.9747009277344,57.246917724609375,372.3847351074219,64.52189636230469,387.146240234375
383,77.00491333007807,97.78915405273438,66.66841125488281,318.54150390625,75.97087097167969,373.9747009277344,57.294952392578125,372.3716125488281,64.52189636230469,387.146240234375
384,77.01799011230469,97.73722076416016,66.69857788085938,318.5379943847656,75.97087097167969,373.9671936035156,57.3231201171875,372.3467102050781,64.52189636230469,387.146240234375
385,77.07221984863281,97.56990051269533,66.66841125488281,318.54150390625,75.97087097167969,373.9671936035156,57.34405517578125,372.3467102050781,64.50994873046875,387.2484436035156
386,77.22633361816409,97.15435791015624,66.65359497070312,318.54150390625,75.9534912109375,373.9671936035156,57.3231201171875,372.3467102050781,64.45608520507812,387.2549743652344
387,77.25144958496091,97.01170349121094,66.6702880859375,318.4962463378906,75.89881896972656,374.0697326660156,57.3231201171875,372.3795471191406,64.44367980957031,387.3030700683594
388,77.25639343261719,97.01170349121094,66.65359497070312,318.80938720703125,75.88050842285159,374.0802307128906,57.293121337890625,372.42230224609375,64.43055725097656,387.3030700683594
389,77.32742309570312,96.74504852294922,66.32786560058594,318.8471374511719,75.85491943359372,374.086669921875,57.28242492675781,372.4378356933594,64.42207336425781,387.3077087402344
390,77.32742309570312,96.74504852294922,66.29971313476562,318.9901123046875,75.85446166992188,374.086669921875,57.25543212890625,372.4378356933594,64.35215759277344,387.3182373046875
391,77.32742309570312,96.84224700927734,66.32786560058594,319.2754821777344,75.78532409667969,374.211181640625,57.180389404296875,372.6216430664063,64.35215759277344,387.3709411621094
392,77.09574890136719,96.84224700927734,66.32786560058594,319.27880859375,75.71058654785159,374.3128662109375,57.09242248535156,372.6969604492188,64.35215759277344,387.38330078125
393,77.06373596191409,96.84224700927734,66.29904174804688,319.27880859375,75.70542907714844,374.3128662109375,57.07475280761719,372.7225646972656,64.35215759277344,387.39398193359375
394,77.06373596191409,97.08223724365234,66.36880493164062,319.2754821777344,75.70542907714844,374.3128662109375,57.07475280761719,372.7567138671875,64.32380676269531,387.408447265625
395,77.06373596191409,97.08223724365234,66.43315124511719,319.2607727050781,75.71058654785159,374.3023376464844,57.07475280761719,372.7567138671875,64.3314208984375,387.4154052734375
396,77.43113708496091,97.08223724365234,66.51536560058594,319.1800842285156,75.74929809570312,374.2860107421875,57.10009765625,372.7567138671875,64.32380676269531,387.4154052734375
397,77.4632568359375,97.02178192138672,66.52081298828125,319.074951171875,75.77824401855469,374.2735290527344,57.10009765625,372.7567138671875,64.26797485351562,387.408447265625
398,77.46690368652344,97.02178192138672,66.52081298828125,319.074951171875,75.77824401855469,374.2735290527344,57.10009765625,372.7567138671875,64.26722717285156,387.408447265625
399,77.46690368652344,96.8075942993164,66.52081298828125,319.0682067871094,75.77824401855469,374.219482421875,56.964263916015625,372.5926818847656,64.14141845703125,387.3904724121094
400,77.4632568359375,96.79695129394533,66.45036315917969,319.0682067871094,75.69204711914065,374.1819152832031,56.9393310546875,372.57855224609375,64.06829833984375,387.298583984375
