,RKNE_RANK_length,RKNE_RANK_orientation,RANK_RD3M_length,RANK_RD3M_orientation,RANK_RD1M_length,RANK_RD1M_orientation,RD1M_RHLX_length,RD1M_RHLX_orientation
0,285.3382775016799,97.48897956129844,74.14113307101475,88.29416878518654,73.29442987173454,67.46010848529389,27.99216906212239,86.48922737881713
1,285.2754538332388,97.49205702814588,74.14113307101475,88.29416878518654,73.29442987173454,67.46010848529389,27.99832204645187,86.48999988210034
2,285.2476806712627,97.49629625759216,74.14140685387349,88.28707913176017,73.27928979515808,67.48864830386977,27.99832204645187,86.48999988210034
3,284.9006349929172,97.56167074960806,74.35749525742315,88.32959911530561,73.55999256687383,67.68363677340568,28.03937557461329,87.03465511926949
4,284.7736380019478,97.6667798040871,74.60915224804131,88.4334936681644,73.3783236273501,67.9637491310042,28.11239346967083,86.29922511584842
5,285.10995250635546,97.69366352067938,73.87024768065666,88.7154904993198,72.24952352448688,68.21430511253459,28.43066889130909,86.97727595547646
6,284.86642857297005,97.7010206506325,72.68089242727598,91.84859456383514,70.6145849293399,70.78364739611901,27.80237273816753,93.76302499400028
7,284.5743855938044,97.72007841009406,69.21002851421642,97.19644107669949,66.7775537887672,73.54166821430479,26.431109823039957,96.61080882823424
8,283.676758537117,97.2730352469389,66.18108459922185,100.65415517955218,63.82600278737757,76.76034323264109,24.35881708515592,99.45860492014928
9,283.9748833895994,96.84046826571112,59.58113809883324,105.15701754824828,56.734913278441496,78.58286378859842,21.78452123729276,108.72702632587568
10,283.7848936443596,96.52765485761914,57.80803711538315,112.26553825596524,52.164259890424205,84.56363049892262,18.68177487905393,120.94640488102758
11,283.4877191010704,96.22439439585644,53.22889102985,118.2819370324264,47.62818658066361,88.5047595305492,14.655033622957973,129.50761124712722
12,284.3148434133014,95.80080796040023,48.61436876902623,121.92573184723857,41.50221161468102,88.50249484251002,12.932853744176883,135.23933829460242
13,285.12921861601154,95.62190763568162,46.88097841005068,127.45262395905642,36.2130535176308,88.28371295362503,13.482438178988916,138.58039868459676
14,286.14242809119577,94.76088336253252,42.74626088822437,134.33147701140496,32.19413260167719,90.21369114467004,11.122116033551649,157.4058301202341
15,287.7525276927082,94.12835460592734,39.71435940703135,143.02646129776016,24.71529667878987,91.97858018363466,11.621621647235203,160.28125427587784
16,286.46554429476413,93.44776862168638,,,19.71171321882479,97.91956584109803,11.150848501239016,169.05892127725463
17,284.79869617570006,93.16182167291036,,,,,10.885767695287738,183.45167386857867
18,283.5047677627689,93.09572790102398,,,,,10.503328164909307,181.7157684189697
19,281.53511658749045,92.60435749778064,,,,,10.881152937546045,195.7638458054873
20,281.840255440883,92.11543094415072,,,,,12.4433553430272,215.8766311715412
21,282.54036856019786,91.62804282445865,,,,,13.658967698654534,214.7999536921349
22,283.4462658568773,91.41648793664343,,,,,13.457539957956689,215.3981698206865
23,283.38683491066087,90.79362977301506,,,,,12.894238054687252,218.21709879304308
24,284.23781727302634,90.77943054305136,,,,,12.98704271757451,203.7062255521247
25,282.984979960735,90.77684878515755,,,17.073707396461156,107.73792392422251,11.998851996301855,187.68140268379483
26,284.58392465393075,90.7043102123156,,,17.606492527582112,107.97350119938082,15.37694207573674,173.52573712622586
27,284.5773668696794,90.58716563307492,,,19.97005099927148,107.85180610823492,14.403206153406051,174.21878643753604
28,284.815484081796,90.4051098001468,,,21.79431821259068,109.16685755857183,14.911357367172442,153.08692234536568
29,284.3134644943049,90.13947757478482,,,25.055479253808528,107.50944999522164,16.24832411432378,131.53747134960108
30,286.19673609384154,90.15908328158996,42.247098104974135,140.66092724162664,25.644545733526243,104.51967142879208,19.622747469004025,113.2543075933093
31,287.2832919210401,90.30446423013842,42.91860805160104,136.26185338147243,26.92678362524068,99.71636206724034,22.496290090553497,106.65312416986784
32,289.22691301047803,90.54768601964074,45.22660978982128,129.87254840063014,31.60938885483681,94.10748033634968,25.82516698794368,103.48270878281576
33,289.5346245603263,90.86974526851428,51.99520035192492,120.59140768335948,42.78436991138746,89.41436617078605,25.946614183325977,103.69806064495104
34,291.5002209077544,90.95784757317178,59.099941948981744,113.72929164752838,53.343484709157664,86.69722811544096,27.71909510407468,101.55364312553353
35,293.2190372783268,90.95223226200532,65.66218933813614,105.26329422984188,61.24920925858084,81.46996700860898,28.711701613467163,99.73914001361288
36,295.851108882084,91.25043867773536,69.87610677793498,99.1802851365578,67.20588684130404,77.58109698860417,29.82551668137053,95.74599039656758
37,297.35323592712695,91.2763027791877,73.47735675935981,96.64921634540892,71.44727592387403,76.7430320993318,30.30821352833771,94.49118470376897
38,297.6573235628401,91.3638578290102,75.87139628511281,95.3285788883612,73.61664743788621,75.5486685850962,31.44518740091648,94.3629293922598
39,297.7946473663124,91.33884903375758,77.14506166873632,93.45717505992916,75.9019722836027,73.43999566637754,31.32713165299179,93.24847923530892
40,297.85211124107747,91.00083490268008,78.3491236814832,91.82557761005732,76.92842871478898,73.02713826956801,32.440948629026025,90.9910059264706
41,297.2717959521626,90.69479804526684,79.75734523548883,91.31918576004406,77.30677076536594,72.2511972699639,33.55666302307614,88.33055031676011
42,298.0157488047076,90.2363094262193,80.74296157644184,90.80381320360311,78.26501576253519,71.11723719477281,33.54283161125301,89.11368049205748
43,296.7330627045271,90.05196240277084,81.47829828656413,89.7576777479731,78.4012656547224,70.87095021478093,34.7148371386122,86.99727753325853
44,297.93916448739054,89.74256965043642,79.75368256900155,89.70486730194645,77.91906568652293,70.93537396878824,33.18690728842071,86.71894969824469
45,296.5024246134313,89.54790857726084,80.42956673519186,89.70878230045567,78.96445801487623,70.53015222255091,32.17155039361275,89.17469168425058
46,296.4910764884804,89.5177781138629,79.78457810405622,90.59728814456486,78.20662897585133,71.29603066944614,31.31153465090087,89.15202178681382
47,297.2614655328635,89.51902787960454,78.30635794366619,90.60856380973756,77.32872215588488,71.07566297988713,30.311830866021783,89.12405277266038
48,296.453983686209,89.51771777605505,78.09790449646219,91.26340888738692,77.15505764520678,71.6252607031886,29.42568433561561,90.33846879267554
49,295.68939775798464,89.43165421412816,78.49414349338505,92.89654496304924,77.13380752880684,73.28642969846321,27.731263063016428,88.69961750506882
50,296.65353562414697,89.61011781646846,77.73280357623875,93.37758163614428,76.21033811221693,73.40184909523128,26.57412112689251,90.59403648313832
51,296.2654225567695,89.68699126067004,77.21843427031432,93.5277631020998,75.8762621354158,73.53986012172778,26.340254759916043,92.49995646634716
52,296.72929172387154,89.7101338019123,76.11114308619756,94.61013723023252,74.33300087178361,74.29900676225026,25.6179395993266,92.48379237974429
53,296.43678392665845,89.64301980067481,75.84622216292657,95.07549951348425,74.08692927452459,74.71241623143847,24.855757917868043,93.83889444677108
54,296.69457498927306,89.61865837950282,75.33398326124299,95.8447911837914,72.89870218258413,75.1980076839649,24.154763777329592,95.6632698796533
55,296.7404196154206,89.60714278406216,74.401750620675,96.870985342386,71.33417550089624,75.63383789725722,24.327087163474744,97.82360256287792
56,296.4212092921524,89.60170709498576,72.82323454986307,98.20152477240885,70.36697310409552,75.96314180896596,23.421203992237885,99.92771994806726
57,296.3974671900814,89.60167519031654,71.89539970346503,99.1593248651962,68.71490600109026,76.12864938231864,23.612726879598306,101.29114768505173
58,295.78167128249703,89.48613154239716,71.41345128761054,99.7033422328589,68.33014864752329,76.56004804024285,22.66166854736078,101.77165029049976
59,296.3793791148958,89.37760490632513,69.66417778343754,100.76174399335846,66.66595620760324,77.07621610597565,21.65116173103253,102.32949677863527
60,296.63405344044907,89.38900948808543,69.16251449128565,101.07245741478378,65.84060056370818,77.22034511985208,21.98089153021179,103.6998463323693
61,295.61717624691136,89.51111180365429,68.46382719215741,101.24082619816852,65.18903940718707,76.74654901366628,21.99762310574529,103.97459092089768
62,297.1849376014393,89.45008032479721,66.92693618400223,101.6561389710064,63.23233074121462,77.02487118948933,21.73181994591532,103.4248890574489
63,296.9730738973429,89.58303457182318,65.4098902990303,101.28507754245864,62.01111969312471,75.93315298795858,21.75095022023364,103.38943295938896
64,295.95334524226394,89.53257375441365,65.67542054306413,101.17470710495986,61.60878479232807,76.0473834864478,21.511260504009453,101.99829667839124
65,296.5221770042048,89.52728452048535,64.02234597443062,101.39536209520875,59.81671745617704,75.52872347255014,21.64164524145828,101.63496532652098
66,296.88561738281555,89.518928434942,63.77027964068306,101.91121375517152,59.16959847728656,75.11368091272436,21.581075184755942,103.20868987831656
67,296.89892759932,89.45814344424697,63.396714760796485,102.55800899234234,58.57303064758732,75.32161702394926,21.394836446724742,103.13868355624588
68,297.395061000362,89.51138279986532,62.89834079668709,102.57321111243866,58.10424822570671,75.17986101536641,21.35237209877198,102.6412644241598
69,297.5546621332832,89.51164488867676,62.71411430381112,102.48814473321644,57.98691267658773,75.0025282918257,21.350950488183617,102.62424370764296
70,297.6616872430948,89.55728546241892,63.20042388534375,101.72833536391468,58.49564401320959,74.74237367264591,22.479032719451112,102.05175157973964
71,298.9491809620197,89.62638911652122,65.91600083043681,100.49478691499804,62.47943643741621,75.08976832903397,22.908757339759475,102.11695995393586
72,299.6551700464682,89.77738903244105,69.2819148575732,99.17599913404632,67.19856518510541,75.31565571613892,23.08148761970786,102.02492208186314
73,300.22262528360017,89.92699772216,72.24971247805559,98.11215186156274,69.82782009412134,75.15741749037049,24.10219120507557,101.50855629801408
74,300.27385544234363,90.24327872313988,74.72430898191303,96.76487809356094,72.44631171156568,75.61294674498495,24.78095875737144,101.23178331788516
75,301.6160643559642,90.55080908233847,74.06615543586794,96.12327658522386,73.76539906773192,74.87418401588414,24.38547190818548,102.03089500628715
76,301.5582955387033,90.93340681572803,75.28116945101718,96.7514893418744,74.41624684280484,75.54629007194775,23.89225442264979,102.21946987016244
77,302.48626316388146,91.33050955072032,74.6409653334705,97.28214955372522,73.52679547556818,75.90498943522766,23.88164409739494,100.91216563294024
78,303.1008271785043,91.94376803458098,74.40990013092105,96.061851135751,72.92358601353263,74.81236192831715,25.86483565472784,99.3578192005611
79,302.3234739122785,92.50367892830576,75.70488851155254,94.7819228296514,74.84061832168763,73.86885180664159,25.337307181187622,99.34762236477728
80,302.54241987224566,93.32657602060912,77.13382865119083,93.63299490860928,76.21217307617844,73.1323751684736,25.36434443462366,97.76997836940696
81,304.3429097821354,94.27202720140458,77.9948778023746,92.02823885500518,76.90023401417493,71.99891065981208,26.632072629808214,97.4190142434616
82,306.89208482949493,95.29113364901326,78.3396097465173,91.160270741858,78.56066338269335,71.221124515082,27.12928294380056,96.78303630883374
83,303.12774186770946,96.3509510106916,82.06157877276779,91.1287747693998,82.30811727132664,72.38355111596434,27.5314410283378,94.3142297805346
84,302.1900399270718,98.24617122362392,80.46229033340332,86.67428489395544,80.68953005263847,67.49924252682794,23.78551819961813,90.40902597642744
85,295.1079075241224,99.23644507781442,78.54617770105368,84.21563623584592,80.637484128911,65.32514952395377,23.432725516484403,88.89982329316179
86,294.8737848312272,99.36246534854936,80.12808657293743,84.3302106313782,80.82094131306374,65.3848855757619,23.814980386260164,88.91748437675291
87,294.8855551211287,99.88821949864791,81.11396072641824,84.39934400219379,81.86224082154794,65.71835098818222,,
88,295.2532964255878,100.28954553746468,81.11396072641824,84.39934400219379,82.05827196140842,65.41670527598036,,
89,295.2532964255878,100.28954553746468,81.11396072641824,84.39934400219379,82.05827196140842,65.41670527598036,,
90,295.4182508832748,100.4643043501948,80.63009763770039,83.83193270375843,81.50457819628649,64.52749884746432,23.011056234927366,87.38318088147014
91,294.98659107985225,100.5203431883218,77.64215116098255,85.51116289180807,78.23201814894364,65.42691722401585,24.17318942216053,85.26523977425056
92,294.5549087449364,100.30005095264008,75.34313642800682,91.43278523264117,73.91039570576478,69.90189533672316,20.96407900015364,92.0807470948928
93,293.7723942239604,100.60495869836294,69.92252891930026,98.20008920789869,67.2313155520562,73.5555692754802,20.52900047484686,95.30766295486616
94,293.72013002210605,101.09248970396098,67.37227283594207,100.0243923769612,65.03945346454152,73.11338068158199,18.352589325299885,101.25602679034417
95,290.48860429253773,101.55376098416386,67.29648587864986,101.66792351259684,64.52538956553992,75.11891547078392,17.04013010167867,103.27716289875003
96,290.9579545719779,102.04727014862388,67.86414658261886,103.6684239467376,64.57485238338673,77.51209330123935,16.202323080016345,103.19919370715532
97,287.4389437827233,102.41969221271329,72.83541218195263,104.6393962236281,69.24382109804755,79.35627780311412,15.72661330771068,103.51288428193384
98,285.6141510793101,102.17602634324942,75.26345000953583,106.94931717351496,70.12892646707222,82.79933021293287,16.046578617265695,107.64940208546066
99,285.36233030166414,101.93943218076951,76.55577123333275,109.87855207856488,70.35839088565473,86.38524059310977,15.334743341798749,107.20337154716032
100,284.35313582000856,101.47592685514218,80.07280900788066,109.33447765814796,73.6877071851064,87.15801053370636,16.743520959343424,110.15512763471152
101,287.2930189909718,101.15680608511296,81.01067492336361,108.4013821762032,74.22577622274027,87.4490562771174,14.957594869652066,107.4897870389446
102,289.46230470101943,101.25822543019852,80.25403701248085,108.22875771577556,73.92679799090223,87.31706873948174,13.62292779855276,106.89905093468477
103,289.4800983076755,101.25752437067074,80.02908152949283,108.28180724502806,73.69018103359511,87.30844759537064,13.62292779855276,106.89905093468477
104,289.7216281462761,101.47745670345982,79.6138984163028,108.38054718208132,73.25328849449764,87.29238288722266,13.62292779855276,106.89905093468477
105,290.07124111754143,101.9471674644929,79.53783790685638,108.67778770706512,72.9593467802857,87.3493608568913,13.260151360711877,105.8869548488058
106,289.77103849855706,102.44435167862702,79.58362828112706,109.06668883593504,72.8338377490442,87.20004923209153,12.585219473238007,108.69323333609606
107,290.66661676099267,103.18094733872002,79.07187553606722,109.2352619548378,72.26877690842925,86.80831087355558,12.09170804751181,110.27805424449076
108,291.1316603060748,103.5662112322034,78.59151878860179,109.0621971639561,71.56609439930922,85.85236044096342,12.253721405706006,113.3381103734527
109,291.1316603060748,103.5662112322034,78.49620317061958,108.85981925595816,71.22546512057485,85.32885520472034,11.845158739949168,117.25613611306784
110,291.43741754850896,103.6417783174701,78.70829704466678,108.4649841775125,71.14783534359631,84.96384177611117,12.203869064453404,115.6283577792173
111,290.67771243270033,103.37013040464008,79.15171573248425,107.72150784762812,71.60306200769895,84.19521773073306,12.151341158746956,115.74723549496196
112,290.9026587333529,102.95243653749132,78.80799694439716,106.9220195332234,71.59892582985641,83.53586899045924,11.879854101170665,113.883980911596
113,291.21076179679994,102.47489410685397,78.57960759011384,106.36578276793908,71.29509413116742,83.10952705782191,11.753172122254082,113.4557345401564
114,291.3457761547027,102.06311070362588,78.12458788016899,105.68145162078326,71.03328586487349,82.25036452753945,11.736090090679,113.95693533929006
115,291.3393509336024,102.05458165458904,78.01194961982881,105.38402348686807,70.8369227420675,81.87946686840314,11.61950977674102,114.10658673376172
116,290.58880249969235,102.08618642258648,78.73367647221468,105.1862370578378,71.42730789436717,81.89546733103906,11.765383423862367,114.31356069963978
117,290.3558670189786,102.09602906453225,79.440166082388,104.99141158440209,71.68298188053816,81.81142221413644,11.82377001278608,114.93240213580025
118,290.3227430370476,102.2751360462292,79.53685056362737,104.96728422665204,71.68518618877997,81.79918770560523,11.834088895626852,115.03965619352834
119,290.2217412851606,102.32114374298776,79.80900018804293,105.08502155958644,72.30531405647172,82.04414088792316,12.15420102457825,114.57871271119848
120,291.0659690146604,102.56762025194357,79.84010052133189,104.94706963967086,73.91647956139256,82.13999226396268,12.6985091993668,105.70437957136312
121,290.8499825038996,102.61431400064016,80.5195658028627,104.96149187313982,74.63591434289151,82.36046708322826,13.051381226389251,103.24931596561584
122,290.793716807291,102.74296006738032,81.05607753126792,104.4298950224402,75.98674492760945,81.98813817448027,14.36909188753732,98.1164598332471
123,290.7998007974072,102.7482595804929,81.2910909594684,104.42523161019184,76.0221366984648,81.80080442053878,14.368991073196682,97.74491818110906
124,290.8084710170439,102.72412586328184,81.24411561854,104.39680165861095,75.99112135623822,81.79079480628171,14.62405483974849,97.45534696960702
125,290.78158632532507,102.64772204986382,81.3230991728424,104.51264334626464,76.0178059691102,82.05544205885563,14.734742384151536,97.55740098482356
126,290.5938443392194,102.48453155318786,81.39135151157112,104.37666610164052,76.14836531633091,82.0562548250057,14.852856705264632,97.8237292053344
127,290.6199611486275,102.0840850117364,81.34621117810552,104.25209715864824,76.21796868319751,82.06175501814997,15.037961253158954,97.69024015726684
128,290.63187492898953,101.81863589998213,81.41721599894527,104.20798342281252,76.31903724423982,81.94089050128214,15.307722284589452,98.14307594715756
129,290.69185941473347,101.38567531260614,81.55821487014296,103.77912911437856,76.65050167881145,81.52303217640288,15.308436337970717,98.1617322161551
130,290.0160389887511,100.88501344343788,82.40125487285972,103.27488218317454,77.6932939696835,81.31057404370435,15.317846700943427,98.28720022808044
131,289.89664463571705,100.36942265203535,82.87764387203275,102.92112655754512,77.97900731783878,81.0762667349645,15.672980727971993,98.36234272641046
132,290.1797331395402,100.4452664787854,83.4331173393946,102.4756905604376,78.60670134945991,80.74808583666915,15.828803198366677,98.09977398422376
133,290.35409899805205,100.4679933725622,83.3987256296499,101.9596978478556,78.43179674626377,80.34159917174931,16.451525479597844,98.44678183570586
134,291.1245214587968,100.55636895033656,83.17631175534984,101.06841420246084,77.69383989441917,79.76944366590659,17.95133543785669,98.27710908715238
135,291.32050119557533,101.30007363625286,83.57367548534346,99.98282699630252,78.88946708917372,79.16413421582918,19.128220036134707,97.33087189334684
136,289.8893357695074,101.93941271351648,84.6363456182362,99.70493919186072,81.78900584676792,79.33952558633817,18.88483859696116,97.59328048302676
137,287.69638371750864,102.62612797632268,86.15627807067027,100.1078409378126,83.04875167960394,80.27519555738722,20.5667392126747,99.07237468403764
138,287.5865093033007,102.72910846355286,85.1595204668667,100.54159120359354,82.10366109140442,81.3705352312094,23.95158631715543,99.39767581330096
139,285.27440021874435,102.70124354594404,83.21314137729026,99.63373612464106,80.7602828460691,79.83797762333859,25.24996653904346,101.87560557158352
140,282.3271783801453,101.5326330114818,81.52078186588058,98.02881986216646,78.62632101632248,79.12139863027203,26.468249326681185,99.7687829991477
141,277.61365193018054,100.39394043696264,81.39530426688957,98.47319683166786,77.24952279390834,79.0059298605698,29.44188291299592,100.9789442465966
142,274.78128638188605,100.4246171106369,79.72709395769806,98.65183571807972,76.29230826261868,78.8662394192784,30.46227049272137,100.60684869123092
143,274.49321077696345,100.0925484435301,79.72709395769806,98.65183571807972,76.29230826261868,78.8662394192784,30.46227049272137,100.60684869123092
144,274.5743936083336,100.18728371248672,80.51584963441692,101.78079252901009,75.4729735035406,82.67132914040909,30.67332369423924,102.53852745570468
145,272.7726182789009,101.40875980672162,80.19707692168329,103.81933270724736,77.53112040087447,84.80649756653,30.163140773094245,102.10969285557232
146,273.5700318447831,103.00845804926904,79.4323816713332,103.14913875978114,76.58494485429993,83.84325303231454,30.077274196670498,100.95860473400316
147,273.3975521045361,103.97236247103702,77.97678497484047,101.71376930271586,74.7597299380714,81.97344792091083,29.388115711897854,101.19196697604204
148,274.0181121793651,104.48465870062176,78.51336557349491,101.63259194918712,75.07129667955071,82.00697860547926,29.227729391515037,101.25418250920134
149,274.1371071066838,104.5806208108782,78.63815732392311,101.59207243648407,75.3315373213284,82.06818517675808,29.20569227957242,100.7714656362115
150,275.19758680563336,104.52319640884556,80.21852936710395,101.36062627734812,76.7552387128433,82.21622978668775,30.29346837443997,100.38031341461613
151,277.6701102847563,104.3910706573042,80.9149701061293,101.26155983054907,77.1733385289202,82.25865891230752,30.357229087373035,100.35827022034852
152,278.7091019673375,104.2701144808636,81.58960179392763,100.375984243207,77.76157687941736,81.36824227280451,30.98978303103167,99.5397801426282
153,279.69348761307066,104.3768671690346,82.69171544987955,99.07698237222714,79.21265480764805,80.04297288020913,30.97332767505707,98.48464318571108
154,281.07118578973933,104.62562088306598,83.40149882971114,97.8199154828417,79.89923109687231,78.50415975502605,31.0438505497274,97.46722994791864
155,281.48368009242137,104.57534088315664,84.52923646742215,97.3971657414731,80.868271484539,78.27888361762906,30.96954830816305,97.21263731814167
156,282.4114005517856,104.6734597879621,85.55200592032344,96.9675999424085,81.58372895873025,77.99486411536085,31.33791718497541,96.86158840305258
157,282.6485254699785,104.96522621927625,86.50135042025074,96.17379706577464,82.90803789735858,77.23287598076377,30.984071591038155,97.02139318583684
158,283.77222013433806,105.3184952161647,87.02646443260923,96.12712837523728,83.3909674565273,77.29818686422553,30.747438510727463,97.39049840310976
159,284.26922177682604,105.91825879227966,87.50605459574415,96.09342018810968,83.86156105052214,77.37064452721268,30.861598072919826,97.36300856943616
160,284.728530005025,106.92353577354076,88.54189671831561,95.85137541868043,85.09901677026453,76.9506882892937,30.998523721443476,98.97108561168272
161,284.7374704773476,107.41346605150208,88.39931645540464,95.71877433751756,85.58259862041301,77.62962334851971,31.328703070857497,99.96745341683965
162,285.52909373039466,107.85594638309084,90.07683911189976,96.33031651453216,86.8095653991543,78.84797624324723,31.723728149726437,100.43027174508345
163,285.50879501699154,108.42638903124816,91.28446110457004,96.90667988417684,88.26437715261255,79.50161274338059,32.07161309400778,101.11603255784637
164,286.7315225904123,109.14883250848725,92.32902852086968,96.72573258736298,89.61727165778618,79.60928975282643,32.33376060136738,102.91303338186698
165,288.3338776920837,109.71149984282464,92.29431932617162,96.38750811878764,89.90302157312036,79.05671984873729,32.28021567828182,104.0210696873946
166,288.85320922520174,110.22809519122308,92.91167826339802,96.47988616634298,90.62382437039612,78.9579866907336,32.528691630472665,105.75498911688771
167,289.5948058085027,110.64618534657376,92.68408092551392,96.43202342871275,90.6981070274948,78.76339685363301,32.72031551321532,106.89149000778436
168,289.7334693196794,110.75531206059225,92.79376746229704,96.66849652639148,90.60867655489614,79.07509101602997,32.656446579541736,106.85670739077024
169,290.0862395814474,111.05374192401804,92.84180844634427,96.91745314719492,90.47067963466117,79.12086457479552,32.895674399921404,107.74261979728104
170,291.12250224532715,111.54237019485622,92.56609425170664,96.63000925138984,90.44619890808704,78.98321674505914,32.49485424305172,107.3215330211163
171,291.14048306413025,111.49834636686516,92.47045092364536,96.69031962334898,90.44679883213816,79.05789361375359,32.35409804669793,107.24675038147612
172,290.83115501221164,111.3165819465558,92.33173107645864,96.8806334141982,90.82744833302246,79.2776843986575,32.069024519534686,108.59604509461764
173,290.72036116676674,111.12347576667932,92.17030806310366,97.33856015339931,90.6599276999403,79.77512181698918,32.00094935412675,108.8878226639056
174,290.12700909982266,110.79040447947064,92.2764059962426,97.56072591698296,90.66386678107963,79.93641219515636,31.96342079347613,109.23397807612706
175,289.987709331058,110.69802045802705,92.10463724273453,97.65527987072738,90.49080411212672,79.97526291254698,31.9584043759506,109.37478650832948
176,289.48259682313125,110.37392005481024,92.09878861462111,98.3690320567368,89.99181096194987,80.57778479275174,31.77707141661051,109.71697687340192
177,289.1738102331603,110.25112338701754,91.97529174643252,98.59361811148844,89.82134729813272,80.79750238314197,31.69823373771001,109.87141469611348
178,289.68169771459907,110.14634154283506,91.27078737433176,98.59951082233758,89.11936986474146,80.77720076061736,31.646922687263157,109.90499411620232
179,289.63648027389416,110.050005474405,90.9120121947119,98.90325624468768,88.88981821574684,81.03604940379297,31.61920547936072,109.92318136034277
180,289.7419162450353,110.01669359806507,89.7985866222688,98.92359891533312,88.00411323407555,81.09917539012335,31.443671127524112,109.87553101769468
181,289.1515364213888,109.96498257873796,89.57790853557876,98.94576265742012,87.77590304284229,81.14046162923462,31.429333739346596,109.8444452966461
182,288.9005953417948,109.9001268882247,89.47649759869455,98.95598495478652,87.80077551320987,81.28867389045705,31.336484164953333,109.75915425467926
183,288.59258088612296,109.92297248133016,89.46545871448626,98.91933804673764,87.90270741288494,81.36762384769501,31.244335594974064,109.90139977551878
184,288.41055114445663,109.89232555797123,89.4859199782493,99.0630411850767,87.9177397594827,81.4648965694487,31.212912873707825,109.96971991272969
185,288.2180303358349,109.87743910058772,89.6133330827906,99.18693102667132,88.0472223711971,81.62727966586647,31.04713009448777,109.9357650275568
186,287.8830090361804,109.8403851091082,89.63399854222729,99.26825178855664,88.02929074763543,81.80085101749295,31.009170428299363,109.85435254329866
187,287.9000332068673,109.77706236086308,89.75572051330379,99.47373966108889,87.97470899530155,82.01565461814774,30.964279699132288,110.0437708796275
188,287.4076866619173,109.68906618067984,89.8020878268815,99.83204564364482,87.88947190410995,82.38222494029934,30.960961333802185,110.24381704227264
189,287.2261997136752,109.702021444383,89.8020878268815,99.83204564364482,87.86781875854584,82.48853193139796,30.904433227457808,109.9577083547084
190,287.0083588722768,109.7015004804476,89.70492058807517,99.8707563962372,88.02620341666876,82.50276611406557,30.89842032384399,109.95983071271844
191,286.9869684516636,109.68957092331269,89.57882733564944,99.84925143571375,87.99860821542147,82.50345285492517,30.890557250492392,109.8197098078839
192,286.9253533012422,109.65515898874484,89.4356682198495,99.6642146944443,88.03815503490132,82.31034018278889,30.87688566747516,109.80442989069002
193,286.8619894940918,109.61969451809516,89.42355502371636,99.71008104650656,88.0313602837595,82.34316316465045,30.84900003071081,109.66852401903094
194,286.5784205043777,109.548147536576,89.37464789668023,99.71626977240994,88.06394317069177,82.3239403975625,30.75280954054219,109.72957319681284
195,286.6673260163192,109.54165390919972,89.27395855209247,99.7488194926582,87.96425617745855,82.32368327967086,30.73851274397914,109.70479210498848
196,286.34855635366984,109.56399956439856,89.41332306663966,99.7183702047464,87.98691041407017,82.30886755132384,30.68415364287244,109.75021587427722
197,286.11112454462483,109.4763727167398,89.42728093586129,99.6321399476472,87.95286677739199,82.17740806272528,30.69046218505716,109.7829920612332
198,285.84170156239816,109.41816161510874,88.94781537837721,99.69483530082624,87.43799135744682,82.14302000632554,30.679101167289677,109.72391816335016
199,285.21362734184413,109.27572499736816,88.93329662648644,99.90312880394292,86.65008989946904,82.26044739475213,30.572733598066986,109.227662442958
200,283.78130536990375,109.00509031689256,87.9687341769349,100.28889358791945,84.93851660240016,82.39364742885886,30.396172967458917,108.32571704961892
201,281.7324874110124,108.97195692506448,85.64986513342674,100.27427124134825,82.64480099696257,81.52685968532454,30.180851774954224,108.08132112519738
202,279.3312152878646,108.55757186453894,82.90841225335645,100.35466178383555,79.67637954184951,81.27001403295789,29.067103359119077,106.549878209554
203,278.7094123881334,108.14881633002152,78.3285140479378,100.5052222723136,75.39486052914265,80.15195962085748,28.33059041693664,105.4522598372009
204,278.7308754889831,107.62289982978037,77.38289104528211,99.99073844847082,74.73886476696553,79.45967995334239,27.96789117937647,104.07920058533604
205,277.48500462682426,106.77654028339656,77.42698393833918,100.21741218611014,74.72306014270728,79.58257102283001,27.651278892863147,102.67221846610931
206,276.6402868320437,105.44844682479552,77.5748261423153,100.00657078679198,75.34578974568298,79.62716851530786,25.805951311161365,102.52098626369168
207,275.63462227478146,104.27520870149732,77.49341459484786,99.57871952658144,75.45331730463869,79.26433278551981,24.38477232250829,101.17879810282156
208,275.9332552834569,103.39378792371156,77.25188383312194,99.4687149314734,75.27849818835406,79.09460651355218,21.809197360628136,102.51919854014092
209,275.7940543894503,102.78353020717044,77.13685050948715,100.30365203178523,74.03556252378947,79.51520453157949,20.71549869270388,99.4456636036906
210,276.38531103445126,102.44798003749855,77.03500828766606,101.9831223529107,72.47560180056038,81.21541553353049,18.817832873591804,98.5249075795381
211,276.3704109668269,102.44866191362289,76.00286358373988,104.9992359616059,71.38905315394749,83.98322452333367,16.732430027489922,104.63378378716575
212,276.38531103445126,102.44798003749855,76.35460206944502,105.99624800089644,71.28537863442365,84.6992835710713,17.03893885668642,108.16637397140208
213,276.24285019439293,102.50033433290808,76.35460206944502,105.99624800089644,71.28537863442365,84.6992835710713,17.03893885668642,108.16637397140208
214,276.5206004107204,102.68409535816782,76.0788878899997,106.0858445560292,71.41320348992635,84.98508029428106,17.6088198984563,106.39216848594738
215,276.4426907691663,102.81465652156682,78.17006776047491,105.45927143001182,74.0589885143474,84.90783257399298,18.09608879487078,103.85904002036165
216,277.61381349353195,102.91395275327912,79.42100745618863,105.4715528508412,77.3207745812776,84.56008337063065,18.41017891997062,103.70774952975556
217,278.263472198576,102.97540062920066,79.5377393164687,105.88139670170092,77.42275073496884,84.24304244692284,19.72313582968709,102.39888316351303
218,280.16019626702075,102.95161068814193,78.10886767543349,105.98235034304912,76.51938758871142,83.71457906106761,20.71717439833441,101.379166169745
219,280.1949862303551,102.91676072395856,78.08617498310124,105.78370109532683,76.51612957446567,83.43824430309519,20.92469786387726,101.54336835771926
220,280.1949862303551,102.91676072395856,78.08617498310124,105.78370109532683,76.54591438557613,83.24719529283222,21.235380791095576,102.08019580147882
221,280.0587393676011,102.92315339682231,78.05351945347536,105.5020010751019,76.64913436382736,82.88811816197618,22.111760094254148,102.8912028606312
222,280.44008403703026,103.30470093918832,77.729907830303,105.30540932646812,76.23154294051622,82.97973637750093,22.547804910150035,102.2601397571918
223,280.721754888041,103.64418977277536,77.56026561272236,104.65443970412446,75.86282243283475,82.38643374377199,23.33137451179159,103.496359995815
224,280.7393261295785,103.6836995550417,76.99596568898043,104.29663237899273,75.02029544359218,82.41561029841198,26.445975008491857,104.8881247427681
225,281.06671066313965,103.59732655523234,76.98400728673515,103.63197720310232,75.0319442007727,82.7443252153833,27.8418169043779,108.45784718631177
226,282.2442343414044,102.93704828793136,77.56581811822875,104.51271865552128,75.28570184895038,84.11562650447023,29.438758015581303,110.45111601707944
227,283.2996378250057,103.14585238784709,78.98129928795566,103.5342807630332,76.58946144706128,83.98338805410468,30.48186927281352,110.82935242659129
228,284.97494229567167,103.88133465245346,81.00013731648706,102.7163854281412,78.88484692421228,83.34106969452431,31.33908799538093,111.0310687536834
229,285.165837519928,104.52843434312165,83.58823706033937,102.24368002880372,80.47654342777282,83.35403642917294,32.39923114092242,109.72779677426732
230,284.9180680963928,105.20787238189172,85.5196653986439,101.94561819266238,81.85819756310602,83.45074546915717,32.545643696291805,109.55197530075772
231,286.106222350976,105.7539217162192,85.88233920236998,101.89443383503804,82.41400691187852,83.48620114862646,32.537483364315094,109.5439482303768
232,286.16070023523395,105.78922926779944,86.1886943935083,102.69077202951844,82.4959831775075,84.41349388888659,33.00828940310922,111.0105187849928
233,288.07726564458954,105.7660570150852,84.98610070613657,104.50750165586544,82.41792179074875,86.23830215045157,32.80270095045846,113.22477456350931
234,287.1807686676413,105.84916378738536,86.65636775661366,104.99737554362682,84.93207841262317,87.11704028251991,33.07514046835436,114.41721923154336
235,288.5958359030185,106.07253076369985,85.27910119681246,105.39041276497908,84.81735584031823,87.50717369500691,33.51818857816137,115.0903997984356
236,288.7161198302178,106.33973744139684,85.72058072221482,105.7972588960612,84.95069622824269,87.41555259493825,34.24088908133716,116.83917843138228
237,288.0606913388134,106.3926094957126,86.56778940642141,106.04209488753187,85.65435124941847,87.83538537890641,34.36456346981624,116.8060273508124
238,288.7949789914538,106.64163880232908,86.53871345675392,105.6994419902335,85.77413908453359,87.72979742999772,34.440961874016295,117.0779078394763
239,289.1322437059745,106.94931530344104,87.32227194696306,105.52622227788648,86.59619537970681,87.78135699130712,34.312307591528835,117.07391669975172
240,289.4372640027509,107.14632678849662,87.33510202435156,105.52151508385325,86.80507349679358,87.72312305589057,34.14156875771149,116.9639210267899
241,289.2043676023141,106.9961375216214,87.62143954011411,105.60782341800478,87.17242513068054,87.94951642146907,33.868756979932826,117.37841499253167
242,289.9872877008917,106.94886152381876,87.23523309161341,105.67869587557388,87.00371019756628,87.94553848309403,33.89488337065131,117.3555460424757
243,289.60772918986413,106.7615072251924,87.44968429028049,105.63926177403836,86.58802426633396,87.93567130345087,33.48400014028642,117.71989726032469
244,290.69819684097604,106.76134654396584,86.25575395264934,105.3393316114618,85.42775954700062,87.37970995106274,32.495247552210394,117.07073866920292
245,289.96364039499656,106.75822404775025,85.76542113472124,105.01736539709646,84.68128613326371,86.9531914423635,32.208811204959595,116.20011387488584
246,289.303032200416,106.49554576377304,85.94082141175207,104.95751187825414,84.48181336523086,86.85172224748251,31.93632558740584,116.06618445181502
247,289.19595820512177,106.42375750348164,85.96117687368552,104.88122404890078,84.48526892384156,86.80940029026677,31.927282749889056,116.0329897475244
248,289.49433742146914,106.41949190228355,85.66317641541815,104.87920768914746,84.19197678022867,86.81601166115135,32.12524146034962,116.0320694220863
249,289.9912346506956,106.48902225087906,85.56762920318522,104.58576276197134,84.07408781767812,86.52626478716105,32.251479226410474,115.82810140200084
250,290.91352860925605,106.79892945732432,85.85503468583732,104.03907626777914,84.09990496421838,85.6700133049751,32.06942622304619,114.88265093057566
251,290.80935081396274,106.67763281088232,85.76600649433279,103.79921741821396,84.1329797814513,85.38001944639886,31.909637445382053,114.3482827454682
252,290.5893252467803,106.26278908734666,85.52951597244967,103.13867631751312,84.15665687340238,84.78352874644507,31.876624016264085,114.0539649085498
253,290.564956852413,105.47606995748356,85.32019135864067,103.17149010340142,83.06822568587991,84.71498481948981,32.91991204058578,113.2459843103038
254,288.8119127584842,104.51727275996436,85.53869908126131,103.13724054832768,83.60747283023184,84.74916790055063,32.98751740812879,112.99944197123348
255,289.0609309514924,103.27231661141214,85.09941666786162,102.62687887906976,83.2539439068573,84.24161599389329,33.43620062182404,112.64373134081596
256,288.23536755717464,101.0790002790042,84.21150531385466,99.79494101767698,82.19837909163088,81.53562520455712,33.80921348885212,104.43714440541464
257,285.4327350619996,98.41564172570465,81.39187947631072,100.50142900693416,78.86417592457822,81.50767193183161,35.42488467902177,101.80864524172826
258,281.2792832540006,96.19356301611214,81.50056253919433,102.52320363080932,77.48140166801109,83.27731852135993,34.83690398621496,103.88735154454533
259,280.70998963184974,94.67622935449012,76.86809245724677,104.39492182877682,72.7986165493234,83.62317167072027,33.593230649629795,106.62279175257602
260,282.208167645242,93.0812967613931,73.75641484190197,106.37606749525604,69.67343595843388,85.6627928087995,29.680029120388447,105.07995525775536
261,281.0745580433287,92.92516835682947,71.21010181159762,105.69419758597049,68.20229766226238,83.57747552375776,29.864276896396085,105.71449951937296
262,283.0801823155798,92.37819012931168,66.82594030981738,104.3849798408518,63.37510052850282,81.20262174900704,27.08026340626208,102.2803114797275
263,284.5565087834395,91.35897421915752,63.00115309916493,103.88974302798708,58.181411511731696,77.51179361369863,25.870889063892744,103.07694429507144
264,283.7566768439176,90.40237413631937,59.23089267591965,103.30748661927332,54.02096580759329,75.62367982220607,24.180865130597248,102.00161795469356
265,282.95808363493046,89.31378535396128,58.04826408037562,103.82476627009446,51.96116351678154,74.15675645782717,20.870899943331512,100.62873363127348
266,283.42891927521816,88.26805231566202,56.24181981320452,105.71325052957012,48.54498908929003,73.56405823467306,18.55087969359345,96.17353598446029
267,283.5127547993557,87.71669430144506,52.20403028306106,106.027206859857,44.5086828743597,71.15585132823922,15.530276090762888,95.77644415826464
268,283.5245280994728,87.6577834793733,49.35853929667296,106.89777513648076,42.881974302063846,68.90093386180317,13.098564034585149,93.5931713321128
269,283.5245280994728,87.6577834793733,48.800092906346585,107.09705994300904,41.36104767447393,68.08573166455527,10.263381730199342,94.58765316022838
270,283.56802506051065,87.65814295599834,47.45069073059038,107.5989125832615,39.771859095764086,67.16169789598472,8.403776959045585,95.60577277368492
271,283.16339239787663,87.72987846080784,45.92369036941456,109.88068612382853,37.47198491008413,67.46502454707549,6.3934120743269,90.83649608693251
272,281.9050379562268,87.74999469807751,44.66070514917626,110.2934588674556,,,4.939138241984816,111.27581950810362
273,281.14279416641307,87.34532685015677,44.13297732257573,111.14257191480397,,,5.004296252606688,113.68179581168307
274,280.6909691493011,87.27582874379306,43.184124879976125,111.58504746390147,,,5.194845905898712,119.48157108104628
275,279.56974290362825,87.37150785939188,42.73885774836214,111.2247189710358,,,4.42710506290416,125.79183081994996
276,279.93965503396987,87.43596734278904,41.31458633812591,111.54936094276952,,,3.591021598568252,136.13850984318276
277,280.7806878870304,87.44365259320676,40.24908568501128,112.14959592397894,,,3.0542065821207447,147.96721764402423
278,280.5823877280262,87.45969149839769,39.56195861667643,111.74038060951004,,,2.850517670598732,155.2744707352456
279,280.41568228401115,87.21079698075091,39.27412716014339,112.14678491999882,,,1.7078585663089942,158.08737178279733
280,280.28328860484186,86.93280722813395,38.45560228568802,110.62672826220182,,,1.1118236105094508,138.94308217861956
281,280.1686953335374,86.77636953829885,38.45927084600927,111.02475307511445,,,5.774687349448064,164.83097784106732
282,280.0065952458912,86.64541256634774,38.61974822690038,111.63571524333562,,,5.538012151103834,164.16606287151143
283,279.61406883774646,86.61136259691516,38.83066200795018,112.05014823286592,,,5.49695173846982,154.6378694467368
284,278.87338704882086,86.55405911705903,39.21202205107278,112.1944156174456,,,5.740899738274581,149.7531215747795
285,278.386249109603,86.54802189070173,39.324509494547456,112.12756619606834,,,5.499656814196101,154.38990380856004
286,278.9652342476319,86.53915768706177,39.01034045052851,112.6078319170613,,,2.0545668086079667,0.0663815103441824
287,278.4137441060578,86.43151523653512,39.85015852283403,111.26599755834428,,,0.785887039013411,16.34239293519091
288,277.98736485591945,86.4782061579578,40.156358770501946,109.72684452922736,,,0.6392655291224143,164.3664454566308
289,277.3314157306416,86.46888353972341,39.9220719517018,109.70392139485706,,,2.375033399002381,146.5190219723407
290,277.1386384206619,86.54404574684337,39.93217970537145,110.02182976642594,,,3.873477449237311,151.71136657826293
291,276.9921550274356,86.60252662899839,40.22249685896848,109.12586926113966,,,3.701677474216769,175.52929059708586
292,276.12434875785493,86.59183642530756,40.59251202615852,108.94485131724238,,,3.844895797360517,163.70335033062375
293,276.74734717339635,86.59951772694082,40.56067820214008,108.3569041769902,,,4.0187925715624,164.3599992439177
294,276.0368853719072,86.59220206195201,41.25656005776809,107.6282437870752,,,4.396147080162878,156.85948477115403
295,275.4345643680015,86.5235761387062,41.32169111458458,107.49008720984156,,,4.719645448082777,149.2651663906343
296,275.87193823047454,86.54928041527272,41.45476168437876,107.46802114109846,,,5.575345154976383,178.31060883591795
297,275.9845265893944,86.58093965113362,42.4009982536174,107.17122805205756,,,5.549760779480303,178.55212798937131
298,275.37905085006173,86.57545186786689,42.77523250245196,107.20281154416602,,,5.280048024876384,168.71585083609273
299,274.8789400721178,86.65108113830242,43.29645604014331,106.98938246632169,,,5.448700852825964,156.1323607926463
300,275.2238765945787,86.67705712245701,43.79860331919133,106.85376943273975,,,5.410344373814007,153.09652613275998
301,275.4055468722729,86.68078739062503,44.11042872944354,106.72436009274692,,,5.520004679239363,150.4851986711657
302,275.00896427423146,86.68753884454716,43.71263290625192,106.74025506978651,,,5.452762303601763,150.08440837041337
303,274.99977690406746,86.72344689713839,43.659395303510976,106.58668360140388,,,5.591455306865087,151.06584212260466
304,274.88445586282506,86.72146233100821,43.70200616294058,106.43932611222436,,,5.80713131846095,153.47009406854622
305,274.3494306966618,86.7223551757458,43.64769848645977,106.63722205407764,,,5.796799005768772,153.41909852881022
306,274.2717256157256,86.78268413769078,44.40176053313112,105.70654573080758,,,5.366610999029128,154.1716758656962
307,273.0056010977094,87.0580087021455,46.46578911932863,102.87158414929333,,,3.910766351631176,114.78279124786904
308,270.9212644473874,87.45170751607198,48.962586107855486,102.3419730530797,,,4.333278585455605,128.0588897313607
309,269.84679891901806,88.07282746395273,49.80686397776768,100.589420371985,,,4.24437834492621,109.83827315528512
310,267.80771456575536,88.85403715190608,52.487761661538926,99.18882350346216,,,5.749285087593615,112.28447814232048
311,268.11692096779615,89.91240950264267,53.18582203276018,98.73865500341472,,,5.001578941857443,112.8718432866601
312,268.4780596432821,92.0189201424825,56.33847963410937,99.99765910115684,,,6.877502276622132,111.33342550813596
313,270.73301250755406,94.71529304014084,61.78829157268112,94.4321611624679,54.24178520554955,66.80995333372282,6.647838366337613,126.2210608543766
314,274.5081320138912,95.17815302335003,68.69815982525647,94.30466559145772,,,5.152213469138669,116.8956140934525
315,276.6025441665427,95.35640397865564,68.74476459886822,94.09732433180342,58.30751822999924,69.64086744569111,5.906923620534791,113.23909145341784
316,276.85804340835614,95.64377058966352,73.3494483499023,92.86572176253743,62.91932243142179,69.10248774804342,7.153017327610098,122.0120164889
317,279.88220169281004,95.72496320515998,75.52238475356809,92.17234202062365,65.55204210075566,69.2059152680647,6.938115720489936,120.9017132189025
318,280.1129646340131,95.8076836704486,77.02713452706901,91.8968996373302,68.13530443968008,69.76987490092837,8.354668374491828,114.21493902410516
319,280.3442298431566,95.74367301692736,76.6651242002301,91.47268458244024,68.01504060575957,69.21138800982351,8.354668374491828,114.21493902410516
320,280.52520334084164,95.20846777280023,76.20223501838281,91.62065515461327,67.72610836365212,68.81994384530006,8.563618651412586,117.62552413512844
321,280.5721515911761,94.7773321831674,75.94577433157689,91.5427989417559,67.48115034112183,68.81503694602164,8.275926266982655,119.87705097031092
322,280.24934432726474,94.3701189343124,75.88910675927629,91.47792857482864,67.45604970130573,68.64290513671033,8.422561079917992,120.76460961544824
323,280.1251706799891,94.02676997813532,75.82246577586515,91.411182516516,67.14562411407974,68.68380789922091,8.418655540801296,119.109818439586
324,279.9569343142278,93.5202654090256,75.67923257775381,91.6801088935639,66.70538298132334,69.25492791665005,8.47825140763533,118.03880359281688
325,279.8652796183619,93.19740397520482,75.67859265082706,91.66350955548594,66.72683709905625,69.20634607598471,8.48121555266425,118.0763798130846
326,280.66581988721094,93.14381850640424,75.62554775544436,91.5781353025939,66.56314511339282,69.4580176386212,8.300286850735418,114.85055967702534
327,280.75122581344107,93.07752315701268,75.86787971017014,91.63058923575738,66.98792924290221,69.82504136127034,8.884650813330198,111.35268156973498
328,280.8202053386625,92.98438381331124,76.47905106498295,91.57729517506635,68.86141887572651,70.34931277587359,8.759755138629625,111.65779513137824
329,280.9107901387708,92.9616724844322,76.6790759491327,91.57806704425076,69.49795543794775,70.53659141961286,9.310216471901509,109.7973637536703
330,281.5388188556007,92.9486328145582,76.04543774921413,91.59121943947838,70.0763528866619,70.55465759141039,10.018335974853809,104.25703951925648
331,281.52512849158273,92.94663850081392,76.08786942946519,91.50956645170838,70.97927288040802,70.72010996593625,11.364410794860817,102.22250622113472
332,281.5314652173629,92.97158675992183,76.13949580541018,91.32885682025491,71.83555377942808,70.79137546193222,11.564644322888896,100.88040465037804
333,281.4879443254139,92.9682088141954,76.1775319256883,91.17105740574986,72.37295923517948,70.9101525909095,12.965510920864062,98.75638471670196
334,281.41253803574216,92.902371922788,76.223952773704,90.8783422194901,73.12528066978155,71.08512404045364,14.363972850568764,97.7512954203449
335,281.2268787726175,92.74077923049242,76.22802603198774,90.81219186112388,73.8635529275343,71.13240098698269,15.226993848338871,97.2362828302863
336,281.111902805332,92.62161050423552,76.2348347465757,90.7959879292986,73.99772688526197,71.02329199060799,16.286173646551966,97.1218203383827
337,281.18027449345146,92.570269072946,76.39261458196282,90.79867019000598,74.31689612534811,71.0392070249287,17.130696686757595,96.7393327241962
338,280.9714089092969,92.57474443004688,76.68800589409584,90.78621030892565,75.1669838682086,70.8855775711293,17.755105433085472,96.10288589001463
339,281.1732924445829,92.57289450929856,76.67067354199071,90.78638805263006,75.31006827383894,70.82991901118488,18.310187946826183,96.07755691818372
340,281.3046148147832,92.5835114266638,76.85558411885866,90.71443442971793,75.42577139296728,70.79076771525227,18.9663085658589,95.37822151119148
341,281.76509657333435,92.5752005183342,76.52785292230605,90.71027926225304,75.14110733480635,70.6367932778545,19.1408175994041,95.54629583729842
342,281.5990421361247,92.57771769617705,76.78647630187653,90.63238342116816,75.58736444049876,70.59721571592578,19.17910819980895,95.75084380303711
343,281.6041221632122,92.58857312906102,76.81802454644632,90.571067075692,75.71624895158777,70.6089369955245,19.07305086788064,95.86517536904115
344,281.71373807806634,92.66605454460446,76.76543978155829,90.59564928286034,75.9044714765656,70.64353219230556,19.323784411361697,94.3424987282466
345,281.56140688924205,92.66108531970944,76.76587321155125,90.62599286038916,75.89100562162135,70.67249218322083,19.428708580253748,94.3190025495192
346,281.6286158935173,92.67082013424424,76.73051403781338,90.63924276075088,75.83650660368222,70.67194732330657,19.461817576036037,94.3116410269068
347,281.62477967336093,92.6391114457987,76.74642411198754,90.97059326319574,75.75986908294357,70.93917794616154,19.52423323639278,94.86834391595758
348,281.98526772156833,92.64676884710676,76.63253695629193,91.06890389318654,75.75222874610125,71.02521557096719,19.49109090413864,94.90405822742623
349,281.992230442957,92.67719692992682,76.64878995091382,91.0768054862138,75.86479998239106,71.0558401956286,19.551845837689257,95.13058686046712
350,282.0509532508416,92.75447240634504,76.6544271298052,91.12626851978972,75.82416953634862,71.09823982037939,19.708960269788346,95.19731644742846
351,282.0669279758541,92.79033890279258,76.66805394853641,91.23838564535568,75.8605407034082,71.15520505786972,19.685354979308865,95.21462571508488
352,282.1570561422261,92.8348962305836,76.7399284308955,91.39377219239144,75.92049674574514,71.31764135028396,19.930847493497243,95.68658718452278
353,282.1556073484052,92.93688377374124,76.82693674993125,91.46604759630522,76.0095889694749,71.40700294698308,19.85367605090706,95.87346056231468
354,281.9146043182453,93.02116252845444,76.88427813537292,91.57684022311024,76.04284189442554,71.5526699054731,20.372680354485343,96.56243290554592
355,281.7708739136372,93.08700314767282,76.9173970050816,91.8824856722007,76.06944246218696,71.78921050599584,20.587489344418668,96.6705967486588
356,280.7541323464086,93.15322632812328,76.92178958120569,91.97755673567455,76.33520008484474,71.95402775307564,20.901837267730624,96.80381403166388
357,280.5531406551501,93.20769459975718,76.92533348160774,92.05448341918962,76.30676147488306,72.03030149696373,21.101721840510727,96.75445970259636
358,280.5331711859523,93.3888470290754,76.93517583520367,92.15311109528068,76.29071737267522,72.13557703236734,21.194650373630875,96.7093813538426
359,280.5997186449852,93.43999071515368,76.89342562233344,92.33929056010253,76.33116739512018,72.34090811195078,21.65575978500112,96.21595418740937
360,280.79928515379385,93.56561707341528,77.11499773951581,92.45287246240828,76.26684895300099,72.43389868777012,21.786126323038992,96.00539945242066
361,281.2038513887908,93.64811494946368,76.97552265393794,92.59967929310012,76.28702800138745,72.50440607337323,21.826429311105645,95.8166832696908
362,281.2149217146688,93.6833215127013,77.08873303705151,92.60260803472372,76.3052585872537,72.51586249017436,21.81875144811473,95.68205380364311
363,281.2136906784784,93.67942325351083,77.08960601766601,92.61684315591188,76.31386146835358,72.4953691030707,21.823534910596702,95.806907266551
364,281.04438939492167,93.67775253469227,77.12510905242317,92.62534551664623,76.34582891611753,72.5064893646548,21.800807581887184,95.72475084868998
365,281.0231119764538,93.66922780896428,77.13689112954641,92.57218720261412,76.31955966279554,72.36943636796195,21.8729310013955,96.0864630205712
366,280.8938103204299,93.62299951793344,76.86926632859608,92.16205443811756,76.20559942609705,72.21981507864156,21.804254593595733,96.44095233089082
367,280.7805636660707,93.58202327723995,76.85123469670131,92.19173986555036,76.21598802831477,72.25319098053046,21.85410953766128,96.42619683711304
368,280.44415754174963,93.4834372126644,75.91615119984444,92.5019946670372,74.7673341218304,72.1996048413992,21.380183442787025,96.56926439890805
369,279.5618339739597,93.41397644070724,73.34807368694207,93.23106805897936,71.24950424242797,72.40853769537867,22.636527468784056,97.29963806511688
370,277.2212174193411,93.07869837139124,72.45380948834533,98.2693352383608,69.00284793590805,75.98833374537058,22.63868709018864,100.99720386925864
371,275.99170189723804,92.6119462405968,70.64910479740668,99.32545818678496,67.63114477315972,76.72271497551388,22.53622002961353,105.59008191890382
372,272.4841249318079,91.54614687972106,71.06983413082388,100.9874095616324,67.91756956984334,78.59076029673464,23.24877524493929,105.10068409824976
373,271.9793339368643,90.44625226464484,70.23837719038791,103.29474108736174,65.92350099364816,80.72099153294697,22.892759793532026,105.34125139304844
374,269.060825066124,89.08810698392799,72.2027143570277,103.54313612863156,67.05276689154206,81.79551223299268,23.32307982646805,106.79586928453112
375,269.3264058350277,88.46434742456202,70.24932372878887,103.18727669545916,66.34871566917413,81.20157359072955,22.913498706614146,106.17121503646132
376,269.1050819843113,87.57400938604702,72.4094886404832,103.47389196315596,68.07396223181294,82.5505277319467,23.797929650688747,105.88122319493272
377,271.7377795341368,87.43445580387198,72.53845395024777,103.02764300188284,69.2356639459326,82.53372781839067,24.7860794384734,105.75903129629454
378,271.23786107594185,87.2210917856793,77.55413578642766,101.10082934945986,76.03282645544257,82.3760988782255,26.570444724228857,104.27054583669144
379,273.73997072391245,87.07446910656698,80.20189015352021,99.32675844683892,77.44202852524225,80.70360693732844,30.565440131647303,100.11343676818387
380,275.63088800490533,86.80533221580315,83.56086233551525,97.38600818100996,79.9480915125663,78.20126896946049,31.441206502404334,102.08096055795306
381,274.6990146961152,86.38227994047172,84.03019082058807,95.66064422517182,81.44469371673942,76.82883447013369,33.08388216897124,100.83980680384585
382,275.2600300619379,85.79553555937358,85.47924463615962,95.27488048491288,82.53700180434183,77.65418347833722,31.54338109099735,94.936827159726
383,274.3914977043306,85.513010509808,88.28003733328089,94.13422569478178,84.9627725828839,76.3925739221093,33.300053379139044,96.80367063516589
384,273.1263202475421,85.01319800465312,88.88119317995742,92.48866421576676,86.18344477119139,75.0508299749903,33.57076034376248,93.96476404509605
385,274.9173693723908,84.61903452023385,87.27042131409526,91.45352924408697,85.4026351794123,74.00085940380754,33.67727351232828,94.34723680622707
386,273.57086880896327,84.30956259884941,88.21791578639801,90.55099030901,86.50486166098838,73.75021876531908,32.48729060488328,90.47471478508666
387,272.08958217349124,84.30688053187535,89.84201806900538,90.5410295859473,86.91875635752115,73.82972553251805,32.17184006425204,90.17389199005092
388,271.75812783315433,84.2999138386905,90.63815598117988,90.5362772077156,87.38735699640225,73.91879396395508,31.910488738725743,90.17531619397738
389,270.80930313612544,84.55183418627875,91.06968084214613,90.12674821875044,89.29545766991419,73.49836475849297,31.74957116754552,89.71414497517712
390,270.08678717569285,84.64099562229578,91.98529431376016,90.48305689654954,90.50957125189154,73.66613765535804,31.8175169412404,90.90269903681153
391,270.04088415163875,84.53576686175438,92.26820632712096,91.06223624332571,91.0381772157386,73.58076493308307,31.83134867388953,90.66679522889564
392,271.262672150383,84.34682183234489,92.44417463721685,90.70099554383044,91.27789250487048,73.43120435522874,31.27847222199634,90.15962830116996
393,272.2808276833522,83.95438932054569,92.99846828935635,90.67871930090168,90.8271865076138,73.32725483352945,32.24282406001742,90.15485396049974
394,272.22582843992353,83.60640265618295,92.8351114786002,90.50022030636067,91.05912917923958,73.18483456077885,32.14234471670981,89.14834400559508
395,273.58163059508905,83.45740917358002,91.62289551932446,89.59761122199755,89.5359779672586,72.80717049305011,32.17185480953902,87.13754592024956
396,275.8633510574904,83.21510914562417,91.1054363191346,89.60781063551103,89.12563153890157,72.5938993241412,31.50229653448901,87.46868538619646
397,277.3221792448008,83.1020858360398,89.87311901652636,89.82739034937073,87.86205996530096,72.57672569762514,31.260469132501026,87.44909052798886
398,277.9653114399676,83.00720745983229,88.96158501640012,90.12750124976792,87.004555737086,72.6869688436676,31.20934887556272,87.57750750738491
399,278.97873227951567,82.93700216383638,89.16377228899452,90.3467024352264,87.38822796344816,72.99969299558788,31.088424746871667,87.56807912693726
400,278.9199877688844,82.7740602077634,89.32883569856583,90.8462763184326,86.80891286044714,73.4205467415881,31.044183679778737,87.56461130920415
401,279.02421795012293,82.60716962879488,89.32619232678292,90.72243117154623,86.85201054153454,73.07048263766545,31.10015607479236,86.1683926789683
402,278.45507716123177,82.26567959832394,89.50660404264558,90.53613155092482,86.82978041226049,72.76567520838329,31.06285685632899,87.3902528883753
403,277.7979724645475,82.02951564435422,90.1512003083085,90.4385464409216,86.89192307889695,72.21799444127416,30.9357673503315,88.1121310718446
404,277.06770631597044,81.85270143366779,89.98090293913867,90.66939680567364,86.35066803134544,72.0850388571133,31.217723487865268,86.82887235741202
405,276.8583406386142,81.75505149030744,89.75879203460143,90.84134554340912,86.04412749810453,72.22853478428695,31.213431533009008,86.97440935937989
406,276.5031345814843,81.75708406077831,89.75564911164226,90.69135796201184,86.13935468954612,72.03196555323932,31.20214415233784,87.39588050995077
407,276.50549116591696,81.75371394621358,89.57922300428388,90.69344192535544,85.68309136970674,71.60959787198087,30.392635873541646,86.43804197768402
408,276.5379829459432,81.7073924383233,88.98837003943356,90.62576286747304,84.99723802515254,71.5690356784182,30.69746003674085,84.77147611796981
409,276.4570619394509,81.6551475894105,89.10381036353759,90.556374153748,85.146635357786,71.51550275842922,30.314053762604985,83.88340264523623
410,276.5070604454913,81.58481155342176,89.10248941498476,90.46067340384282,85.11789534190979,71.50903541146758,30.363687387352098,83.54974728801447
411,276.5055982226601,81.59173447933223,88.97561038989933,90.3849418099544,84.99849276182027,71.39776940577563,30.363687387352098,83.54974728801447
412,275.2335185277158,81.53316406573651,88.81394302759205,90.29002829572858,84.94616396070394,71.28037253961054,30.2702294465722,83.52974747319814
413,274.9459177412297,81.49745989958323,89.08467374737279,90.34717711571564,84.90731943361268,71.35253489071813,30.35049951857424,83.42298825747564
414,274.67974710801406,81.43758790594484,88.73196772743748,90.48254983124768,84.95939415111447,71.41037045727141,30.346728139705903,84.64895791427574
415,273.8693615349407,81.40061689883639,88.56874685233659,90.8843505281802,84.83335780349088,71.75341485055598,30.685239322646183,85.66172164875147
416,274.08796227809023,81.40731438880046,87.9872387350096,91.34962809898362,85.05754508435771,73.01514070391335,30.53111463206473,87.78786896343978
417,273.1395477725011,81.53425820512153,87.98013519651452,92.36473851745406,85.12983234561186,74.3917486365431,30.388214839960767,88.93807301485738
418,273.52962410769925,81.76317875778251,86.16234605077445,93.02449448746177,84.1774944225306,75.12649308089703,30.749200891254144,88.90853957379414
419,273.01550958444705,82.21423826691564,87.4400794158254,93.35629512058992,84.81938556747566,75.15875135352809,30.88208256507196,93.47729833428149
420,273.2893165418444,82.66907849408628,86.74563020675521,94.2696779450442,83.93040502241266,75.96698019479314,29.91179028509994,92.53943625881944
421,271.3870019587927,83.27570867166244,88.00403618672934,94.12775177233024,85.15563060953701,76.38959072930193,29.83420811561436,94.3655499258069
422,272.9795290259303,83.7532843545094,86.25977121225542,94.48961274871188,82.4733251082918,76.10506484279452,29.65872471289191,96.29086180000984
423,273.63952066490504,83.98481401147087,84.88345801788368,95.81181935870102,81.5000862979096,78.17597953675929,28.868906527250065,96.02092299372566
424,273.54338756968843,84.16939550935145,83.40178276707763,98.06498463613411,80.38398051333239,80.3917179991298,30.077189621206188,99.51262221061258
425,272.02610178728605,84.4005906400317,83.68702545428629,100.63196007049804,81.36034999885551,82.36491001752489,28.53576217430462,105.63406237951504
426,272.2590445184781,85.04531565577683,80.79579279815404,103.1735559081107,79.29104278398968,84.88223160705734,28.76135396669405,105.4394842447253
427,271.3779132874155,86.59602470292623,81.5497180732764,104.70526802095256,78.51657851154543,86.42157497530695,29.64033173474601,107.56926978833935
428,272.9371924269104,88.20535321442013,82.02816171048775,106.8936991692611,79.54218494246601,87.75176628569353,29.408154789156104,111.35181240650748
429,271.61544918066926,90.39127839920484,81.11527319035783,107.619292107862,78.38406778780556,89.30467892087572,26.59422515728672,105.6756069058086
430,266.4459278157823,92.32698745456946,74.75679193774994,107.34087110406092,72.9919864555438,85.80092411228264,23.72291848879997,107.0050366421824
431,266.3246607013829,92.94512118646064,74.67658621230537,107.27107547600708,72.98243534758215,85.63727816076239,23.9098227873338,106.69388221575494
432,266.6742451344133,93.68901460704924,74.99604705899364,106.2599258616152,73.27394046288597,84.5370802546646,24.186963189110934,105.6645468543027
433,269.12519141100086,94.18257357372556,74.3848574273243,104.44975264221355,73.25614316183771,82.729126221443,24.33151790860168,105.0360541869954
434,269.31752580577745,94.20114837165312,74.52825204590394,104.3556301885462,73.33458239334323,82.66990366669812,24.3581357328579,105.08587712485505
435,269.31108355680936,94.1824481329213,74.39610848882418,103.86090754342008,73.43449928774311,82.18191733493556,24.4841921216556,105.01554484210097
436,268.93903579089067,93.72355226590564,74.76611623999553,103.93173507907709,73.72784078420247,82.2585023266469,24.55191033186977,104.75919876092952
437,269.5376882536212,93.26271807040769,74.737115496512,103.84182472786722,73.73882673273268,82.19596094509063,24.64275837425833,104.95915739816068
438,269.5232001426136,93.04834324833996,74.72476247933268,103.80333126571124,73.67887066306193,82.22019483079542,24.68278714741696,104.25039071222132
439,269.9847014278889,92.85361365019816,74.15715686680211,103.79066007804596,73.38703171280642,82.05248396057223,24.72195528877279,104.18587798497803
440,270.45661292279374,92.65655688048096,73.69587726238211,103.99231386862292,72.91500232773625,82.24504396353277,24.683320833755808,103.59110034466872
441,270.37006228176045,92.22646227444903,73.68381763135442,103.95463175458218,72.90801500955762,82.22318969539718,24.75594896955379,103.76352574550717
442,270.3589593145067,92.16509549876248,73.63212972293601,103.79184054349518,72.9240701094453,82.1313634666224,24.702807857729876,103.25096955897396
443,270.2110771956618,92.06177158140906,73.66812430008618,103.80532122320945,72.94776137789255,82.0920656917779,24.63887949639948,102.9285237542361
444,270.1255651312494,91.961975749491,73.68325313156109,103.840523182673,72.84172997263992,82.18444462331529,24.688015632351732,102.45637557403715
445,269.87412748985827,91.91596482776797,73.91670746090338,103.82535799585304,72.93032870788007,82.15080003283553,24.75872408840193,102.26982427212164
446,269.8697124374569,91.88773634866072,73.86539501447658,103.84211961465216,72.80217852196739,82.21151101202398,24.592000195406747,102.1303927012918
447,269.8084359040354,91.88816523008894,73.80630016665418,103.93212273871886,72.80145084450903,82.21569914448315,24.53830092718853,102.14451525459948
448,269.84086382682085,91.88038512973444,73.79738908119704,104.11949377665668,72.68422468602594,82.56892054595815,24.47618404582087,102.7840278179884
449,269.6093749653754,91.93390907430586,73.78715209270679,104.14343731650592,72.7029328689406,82.70897831034335,24.36752672633444,102.8937493119906
450,269.5744030128092,91.9077250604258,73.77338472826595,104.3688029563603,72.70248864096817,83.00242147413863,24.23439691110042,102.70472115169343
451,269.57204778762537,91.89263653656056,73.79459270553548,104.43294031473002,72.69214923714189,83.069133404693,24.24688915303465,102.83630014118869
452,269.077277451096,91.89611792343256,73.78167585101018,104.48761512047584,72.64480996608548,83.07070489519,24.26079679210824,103.0494272284896
453,269.03797708513764,91.89639500457396,73.73342466041446,104.50193894992272,72.63177959228382,83.06947991039915,24.26395482225693,103.20642117099035
454,269.0190254063486,91.88819318221866,73.74660555013178,104.5414781353134,72.62578853736933,83.10847267234551,24.319947056026702,103.757276347231
455,268.87257993089867,91.89889588498534,73.83878024693236,104.63292874135156,72.626336489811,83.11834642762152,24.37759277564662,104.36044304059246
456,268.96506311920785,91.95645427472,73.8649136103655,104.96283739375473,72.53757289844788,83.14993359065346,24.385476316963068,104.43261540047324
457,268.8661714629169,92.15539041440398,74.1946521744778,105.23574214920096,72.72800622817235,83.36836329368255,24.471463818605613,104.96835658223902
458,269.1835721757247,92.42286750211149,74.2322802065931,105.34201337404772,72.78760799029817,83.43022965831287,24.42622767329502,105.1704521592035
459,269.3137751299796,92.63697693309784,74.074542519246,105.42285417019389,72.72326722509285,83.2821553308468,24.487627925241696,105.71003835908144
460,269.42212237447734,92.71640716148418,74.03315969958892,105.7731315254888,72.6056236130599,83.46020911689779,24.476192544928924,105.61458650757244
461,269.3535493301908,92.81469365625328,74.14872199181183,105.88079184541718,72.51349607399322,83.67943679766286,24.390174939431542,104.76514071486396
462,269.443951001486,92.76196188887252,74.05332417410153,105.85568960373708,72.51550448888302,83.6128934356114,24.00269421482987,103.94124240163936
463,269.2131184843775,92.6867885566078,74.03713060607213,105.87172147167044,72.2758963040541,83.4681155458426,24.354368861342927,104.50641472982026
464,268.8008995262048,92.47821382113284,74.87990746431885,104.99722154186848,73.35048468255407,83.38367663038844,24.11577516252531,105.1891710132006
465,270.02063225246417,92.25380073211528,76.04744038635077,104.14654161949149,74.79535324578659,83.18080824641889,24.06716775007218,105.6888364799515
466,271.9050229003589,91.60207139010612,78.61244864524647,101.74196131031503,77.26515949548421,81.46412059240885,24.982023581239915,103.84194239589108
467,274.1481131108941,90.70361627162036,82.59749120255296,95.80731687131286,80.51504059432519,76.88800865517922,26.95218913823931,103.19290433841512
468,277.6727423034663,89.09563042346599,85.83543853532092,92.41816035889296,81.3907680860018,74.31365279407643,29.63040766781245,97.15993012305904
469,281.0240164002741,87.22621154168867,85.86583685159897,92.93697891061478,80.20590396531645,74.35018931166998,30.784028276396132,98.62777935754929
470,283.60750995074216,86.0095573326315,86.09261319202633,91.88509455478736,81.2639761545403,73.96511477505683,30.162458844251653,95.15099323389148
471,285.75803689109927,85.1727671278261,84.82415650014467,90.97926425246062,82.85868010536763,72.88764171172963,30.516927669616063,93.73741161709336
472,287.66125217361684,84.54981268419536,86.98259816542681,89.0451687957565,82.98969691181338,71.37547778755783,33.26154552970129,88.70048638020876
473,289.14050209916513,84.12960590188632,86.48044619958972,89.54016964068187,83.12325035457995,71.55719520231915,32.489204998381055,85.9190803933854
474,288.71007955710513,83.87843578656972,88.79236326851985,88.80372225496522,85.06928000348971,71.13516017396734,30.15327638445673,84.20092930325391
475,289.4963238532807,83.45684402055126,85.83333839019173,89.01830440055113,82.4454258004219,70.66294834433734,31.097915301761883,82.34831728130786
476,288.40412471121647,83.16515937816453,87.69727079851602,89.34083751772734,84.34732989543022,70.68369094543627,30.03375081710178,78.77782927132434
477,287.82462606987895,82.7546934895422,86.13851029079336,90.1971242943548,82.7527612733557,69.7269072595883,31.37282853909426,78.60899194911629
478,288.11213911155534,82.28994023619323,84.18847680943382,89.80481055638703,78.79577471512415,68.78672743951823,32.87842861224086,79.79659992985735
479,288.3800985380002,81.90618885582367,84.19334621076693,89.35360268141241,78.89878548111882,68.59482675978619,32.96809677428092,78.96434851130284
480,288.1733442416443,81.84375351025403,84.20855019180115,88.73380642517358,79.18909839102622,68.06522013692042,32.980931656913334,78.85059778406502
481,287.28811186670043,81.89692325548111,83.14754917210256,88.87210884902646,78.96248299460531,67.86226209202708,31.24915468795605,77.82417088748252
482,284.70392309446845,82.07625270196326,84.66297851245255,88.75827650225061,80.6785621847705,68.3785820344669,29.933354768399703,77.39010233584784
483,283.21874233275366,82.09922695607877,84.82762908560579,88.5413273744537,80.69157585848278,68.36991368540197,30.408840641603923,76.75175593080797
484,283.4379012906634,82.12007904909323,83.4670089435684,88.10616166632688,79.68011351786711,67.73566959026036,29.92949058517849,77.2383491994239
485,282.8632385193602,82.06202548069074,83.17396033770369,87.97720036036564,79.32547165758305,67.7908590924591,29.92949058517849,77.2383491994239
486,281.92630832418945,81.93885135208717,83.0725604157804,88.29961308120117,79.06878564923984,68.083106239475,29.92949058517849,77.2383491994239
487,281.825286900892,81.69195715666355,82.28516036984946,88.28333695549848,78.21602623423038,67.84860550804784,30.1585322399258,77.42849907372508
488,282.2263020231484,81.4824653616847,80.85796201639849,88.80869644804838,76.8206796097507,68.01040101486115,30.47944033748407,77.06816567781327
489,282.32998652605,81.54806941953105,79.91733258676511,89.18004846528179,76.11311802708306,67.98763104308546,30.637092061294062,78.25150162166165
490,281.94197002440904,81.69992917434561,79.84609636573315,89.13250325451556,75.95327171617181,67.89886435597921,30.5908817285658,78.0390669481917
491,281.6500804876237,81.67251310524561,80.04682721799148,89.39664071633189,75.46975980628935,68.23264967675584,30.966235550217277,77.90128736015734
492,281.4038350309536,81.61386233549021,80.15076059321625,89.74445245737935,75.55585009671762,68.47659029694313,30.729160326033345,78.45651476226072
493,280.91943284181554,81.55131139191924,80.43963732588341,90.00945566010378,75.72528792824518,68.75058246742717,30.658057553092807,79.12630334959235
494,280.75991161753285,81.53633882340175,80.43992277306907,90.15293135466656,75.72826913510995,69.06141323372941,30.55605436593521,78.6356385011605
495,280.7801996709368,81.50856223133385,80.42759178830194,90.51709168481676,75.56903216965202,69.3792470214756,30.540114897521377,78.7853961331045
496,280.79462394085857,81.48887097319644,80.430210425695,90.69364372545012,75.4416984390197,69.63779839321724,30.585182077632787,78.36727838549614
497,279.2599410742148,81.42919159535583,81.87180217607349,90.74734206505092,76.83119490825536,70.00003594853362,31.20060028287263,78.82999502757094
498,280.8634468570763,81.41232567091429,80.3321817680468,90.77198433054724,75.88545544152655,69.86841190747661,31.734973959812475,78.91316539145924
499,281.2888593137955,81.07018102724166,79.82682662920054,90.82240372785114,75.10100450932872,69.53288771439213,32.78810780772306,78.78931880194224
500,283.66794497777624,81.0556204170961,78.23043268591222,90.6935796550966,75.06657424117961,68.94625638155135,30.96820130873185,81.33103394055371
501,285.3420956349755,80.80436217997152,76.58853837258158,91.6927714258844,74.19289662066853,70.42146392679537,31.229529368970464,81.8295191731423
502,285.69648130785214,80.61165646342468,77.87093940503813,93.0544072323798,73.26847516729444,71.99105348458176,30.36963816752068,80.69439417802623
503,287.97227063748,80.62014928881067,76.33161668015094,93.50678839182586,71.4658633846175,72.13430061971498,29.9315237179172,82.58537447032509
504,292.1611487845004,80.21723508420995,73.21709504046311,95.4543212429206,67.77173212379287,73.4062125349521,29.953373590151312,84.66856726087943
505,293.9347654554678,79.86331610159257,71.66559387857353,97.07091903201976,64.01404173570305,74.97440561648074,32.319492094804794,82.44431648716355
506,296.7711715167623,79.75986498798291,69.06923325519368,97.2765817915782,62.68913409195472,73.74889814098199,31.55720450223176,85.85370354253106
507,297.91791890291955,79.67662056274185,68.11770609607586,97.17915496694192,61.06238728154918,72.64456949234736,31.812205071000815,88.53801681817745
508,298.03107402754074,79.78367033039885,67.76356629716494,98.06481908779804,59.37502241589098,72.88142231311981,31.878942066024564,90.11688332240657
509,298.2642033063279,79.87896431637512,66.94918272865583,99.14042563648782,58.84520926327321,73.54752375006991,31.203154729854408,88.10196285271184
510,298.0985063524105,79.98661251326959,67.34961197484313,99.08561939024143,59.50979990968978,73.73639165844662,31.261868897187945,88.1055289331445
511,297.4362155680038,80.20371003352886,65.88527156369373,99.28932095347876,58.77968131791442,73.5286602001483,31.445179875994526,88.11657682199545
512,297.3799831355452,80.26665799909156,65.81874156137411,98.92828496104042,58.41383914681919,73.52316631192042,31.810009991265563,87.53640562715525
513,297.06953757383485,79.96923283067471,65.77036374050027,98.65590141631118,58.2982845150776,73.91158827353705,31.88356136790566,85.39437003377833
514,296.7231298009357,79.89839318633776,65.42716988544518,98.41868883877476,56.68666447847281,73.06994658872405,32.70832120268213,84.86217106956414
515,295.2816513932433,79.68158440497285,66.5361649444374,97.85402561593284,57.63965172237093,73.1961274097029,32.83029519894843,84.73365487979325
516,295.0012596797078,79.60286152396996,66.52116595037538,98.64839982681748,57.451613724739296,74.0861588273187,32.692879694298064,84.71145630524826
517,294.96928714669707,79.61435093951755,65.85094499946408,98.73710705317109,56.89604207664906,73.926578493337,32.593239831669926,84.69524256553963
518,294.7770325156985,79.74948833982933,65.57940751567564,98.82365753821747,56.73218859819059,74.08477029790245,32.39426126897522,85.28043925085076
519,294.924124309838,79.78630265588755,65.3436332017579,100.19487946614876,56.22156911835359,75.29132609749368,32.081589990173256,85.4716846584061
520,294.89426234649835,79.81855479996149,65.28172079028991,101.12009962948989,55.86938204728994,76.00045693878302,31.223109090279205,88.7337680795274
521,295.5048252400522,79.86372271204212,63.82987797192107,102.96457026124038,55.24201642885171,77.12854912636857,29.640437618774605,91.73809174764592
522,295.6610073471077,79.88791600481161,62.88233491323437,103.1634106655902,54.78282500499737,77.01878375787165,30.1510424433722,93.36394916222264
523,296.69164424962,79.91293512833215,62.01645664529035,103.40129067182878,53.31405245996086,76.71362179057746,30.267752953929868,93.41551663676258
524,296.9013316503916,79.83415475333818,62.5442879064307,103.25357518107816,53.10872511773493,76.60504827253114,29.839360885023023,94.4064332444554
525,296.7354412668257,79.67005640498677,61.82632711753659,103.57100483878844,53.343711411113645,76.95106337159568,29.214859856574822,95.06865713707072
526,297.22346862865703,79.63712135796781,61.11471478786275,103.73210177593369,51.75081358694795,76.5419817107814,28.76728882057523,96.117821715844
527,297.770758722451,79.62166121398022,59.835716075876505,104.03157286272037,50.04803634451056,76.075030183965,28.973309300480494,96.11466776582095
