,KNE_x,KNE_y,ANK_x,ANK_y,D3M_x,D3M_y,D1M_x,D1M_y,HLX_x,HLX_y,KNE_ANK_length,KNE_ANK_orientation,ANK_D3M_length,ANK_D3M_orientation,ANK_D1M_length,ANK_D1M_orientation,D1M_HLX_length,D1M_HLX_orientation
0,172.5567736538974,94.29093752774321,172.80469942959874,490.03253617720173,154.8534830266779,599.1838822798294,191.34914425936606,597.786728182706,176.27992151433762,626.4814453124999,395.7339379523342,89.95993784925447,110.61707421822787,99.33533861526693,109.3383367964567,80.23528899028778,32.41755020598125,117.71392295745417
1,171.4673417987246,91.18009338378906,173.04439882220646,489.0718646425191,155.09871377655955,599.2326508493134,191.71766103108718,598.423074063388,176.36972549900858,627.6888982599431,397.8952718911422,89.77280232483623,111.61304245716617,99.25167462418075,110.93430891341035,80.30747232582952,33.04566354412427,117.6789293432431
2,170.44470263394444,88.19438102028587,173.17570879387134,488.1969414913295,155.2450797109893,599.3398522579308,191.9979455890077,598.962590905392,176.47431027961497,628.7317236698035,400.0158273607381,89.6108415568134,112.580628651576,99.16607400467863,112.3537148091629,80.35426526175915,33.56949344962054,117.5454695003372
3,169.488856159557,85.33380043723369,173.1986293445934,487.407766723633,155.29258082996716,599.5054865056818,192.18999793312761,599.4052787087182,176.59367585615678,629.609921542081,402.0956043611219,89.47405554518598,113.51983280145738,99.0785367567606,113.59655448371436,80.37566779807666,33.98903992247006,117.31354342873648
4,168.59980237556226,82.5983516346325,173.11316047437265,486.7043403394297,155.24121713349314,599.7295535925663,192.29381806344693,599.7511374733666,176.727822228634,630.3234918767756,404.1346028922936,89.36244428995396,114.43065490681029,98.98906288042664,114.6628279370647,80.37167993478207,34.30430296267283,116.98315112844094
5,167.04876375198373,77.8487318038941,172.64459924697883,485.5823266983035,154.9295630455018,600.2153591156009,192.27780628204354,599.9686386108401,176.944524383545,630.9037982940677,407.772516460672,89.21416853471878,115.99430136260571,98.78656035536268,116.05975179879539,80.26205354168005,34.52864108847782,116.36946035045486
6,166.15287570953376,74.99645314216617,172.2062898635865,484.9739433288577,154.5864095687867,600.6336814880374,192.12850427627572,600.0578670501711,177.10480651855477,631.2503890991214,410.0213123133484,89.15321458551576,116.99365529794474,98.66079312605198,116.79620171126976,80.17933151715997,34.62559508229109,115.71588839743123
7,165.7284216880799,73.348347568512,171.8099447250367,484.7899326324465,154.18604326248177,601.0515426635744,191.91412515640266,600.0991100311281,177.33464555740363,631.423921966553,411.48584130883427,89.15217238571648,117.58968771179171,98.61935677019191,117.0488155356244,80.11012095238246,34.55601960017875,114.95395845589208
8,165.6241871833802,72.4258164405823,171.52204141616826,484.7218572616579,153.88369150161748,601.4117221832279,191.69155387878425,600.2171264648441,177.5513298988343,631.5659069061282,412.3381290275453,89.17998832511087,118.01513381211022,98.5946973053814,117.24315870981891,80.09341678251477,34.3931348981224,114.27288712819974
9,165.77793512344368,71.86871757507329,171.42224988937386,484.794828796387,153.69912729263314,601.6349033355716,191.5010555267335,600.3738330841068,177.753598022461,631.6524353027348,412.96467886819033,89.21692663644548,118.17650965950502,98.62449491224685,117.31030341334795,80.14401475901278,34.16787991849873,113.7221698991406
10,165.97157068252574,71.60120449066166,171.54415588378916,484.98786907196063,153.66564693450934,601.699514770508,191.3569710731507,600.5769477844241,177.97075386047374,631.7484169006352,413.4241600360193,89.22776424697292,118.0733069001195,98.70905845601504,117.27539693035624,80.27343803201916,33.92253631803029,113.23984677233875
11,166.15657358169565,71.40513558387761,171.72968578338632,485.2815973281862,153.68097324371345,601.7778820037845,191.29059419631963,600.8043952941897,178.16144046783455,631.8462375640872,413.9139965990413,89.22850208123918,117.88649019283984,98.80718430590746,117.16751405059472,80.38975606885029,33.70225103343866,112.92575603244597
12,166.34407052993782,71.28547682762148,171.8395743370057,485.6100568771365,153.69864864349373,601.8655864715579,191.2602171897889,601.0369850158695,178.27221584320077,631.9269577026371,414.36106926473445,89.24003690261591,117.662446813957,98.86853010514335,117.04942656213969,80.44930593064552,33.50848186364576,112.80489776289153
13,166.52249135971076,71.40907278060916,171.9485074996949,486.02447910308865,153.6903372764588,601.9924892425539,191.2325403213502,601.2798015594485,178.32349500656136,632.0274749755863,414.65093422432346,89.25005218940683,117.39603326333572,98.94464032764056,116.85740505623953,80.50170435338755,33.346658063269466,112.77643769939168
14,166.56836738586432,72.32326712608341,172.02725381851204,486.44819984436054,153.7275201797486,602.0827571868899,191.20631980896007,601.4601280212405,178.22841300964362,632.0815189361575,414.16037587098543,89.24382626178753,117.07019820030911,98.97943429082493,116.59990510797472,80.53459337661002,33.25845308678955,112.96969276485723
15,166.80845279693614,74.80079960823063,172.154725933075,487.4717033386233,153.8091340065003,601.9535293579105,191.2305880546571,601.3931392669681,178.07094020843513,631.9510120391849,412.70453826290276,89.25632531892222,115.93687125634868,99.08616599292296,115.50749964244127,80.49245254389464,33.272600625613336,113.29873733270112
16,167.40121698379525,79.37341918945317,172.3737703323365,489.05931434631367,153.89257926940923,601.1853919982913,191.2058856964112,600.7366043090823,177.88111867904672,631.2341262817384,409.7148682192107,89.30389128923038,113.63860770911641,99.3617316455329,113.25399330820723,80.4232441110979,33.2824978106972,113.60045575984044
17,168.38782806396495,85.39129333496099,172.71151189804087,490.8580278396609,153.9329154014588,599.9071044921877,191.073944759369,599.6882213592531,177.6512467384339,630.1204261779789,405.490179971826,89.3906263088827,110.66204136210763,99.80055457517251,110.3685161715652,80.41956170377723,33.260918961021325,113.79798498889075
18,169.71694755554208,91.90280680656437,173.14519929885876,492.77863903045676,153.98192119598397,598.3121597290042,190.85247249603282,598.4736968994143,177.51494550704965,629.0410324096682,400.8928009075311,89.51332843960411,107.27163954775058,100.33393340813197,107.16828176462475,80.49502850546442,33.352495162444235,113.57436586167458
19,171.1786839485169,97.90344443321231,173.4921690940858,494.4476934432986,153.8976913452149,596.4095325469973,190.57714147567756,596.9229625701907,177.45792341232305,627.8187526702883,396.5545993492119,89.66890494476819,103.83872559396475,100.91403456554015,103.88997048768651,80.54154034825395,33.55805249445426,112.98435622706876
20,172.5719430923463,102.53454079627997,173.7233573913575,495.75595092773466,153.734386253357,594.5314041137698,190.28893013000493,595.2795742034915,177.212781906128,626.7481151580813,393.22602918644264,89.8335162364884,100.78146164519062,101.44903948155827,100.89291271294071,80.55589078279485,34.03111120407151,112.3109989988113
21,173.66455593109137,105.24081006050118,173.73225908279426,496.54718360900904,153.5112360000611,592.8846359252933,190.02933769226084,593.5832252502445,176.85008821487438,625.4233833312991,391.3069808577358,89.98909262962344,98.43282262325957,101.8393601634196,98.39606214987815,80.4672330084638,34.23374209848701,111.22550226517065
22,174.37398662567145,106.07873420715336,173.68870677948004,496.6189914703371,153.26264743804938,591.7334793090823,189.82502040863045,592.1152385711672,176.3279487609864,622.3095958709719,390.5395125577644,90.09899066305208,97.27369806839921,102.0891551979622,96.85043921259926,80.41437311202186,32.94809376987318,113.34264142775612
23,174.60580005645758,105.73933901786808,173.62200880050665,496.04559688568133,153.24536247253425,590.6650806427004,189.83328604738466,590.3310248185845,175.73048419952397,617.296458435059,390.3065410983486,90.14359210115038,96.77040166654571,102.10385922223,95.66217245724674,80.16203777834193,30.521434088574846,117.92316073207078
24,174.74522294998175,105.24973349571232,173.6390973091126,495.4526052474978,153.21127624511726,588.9802619934084,189.89748004236154,587.4930303762237,175.20039262771616,610.1280715942386,390.2037968493373,90.1622115549635,95.69661375288148,102.22984250914398,93.54093777839604,79.84117791368615,27.589524923624307,125.1444498279377
25,174.89789218902598,105.04117894172674,173.8425676345826,494.9671514511111,153.0683238983155,585.7596805572513,189.872457555978,582.9836935195657,174.73999853134163,600.2927452087405,389.9271218379506,90.15498935356483,93.1052243739107,102.82658662755264,89.50619557185281,79.55606582793067,23.739484906398225,134.72139489040197
26,174.96609897613533,104.72471342086796,174.05818099975596,494.2391349792483,152.45612745285038,581.4757301330569,189.59661002478492,577.2949520048396,174.4154310226441,588.703541183472,389.51529312988345,90.13345191811283,89.86249721102303,103.88292101696585,84.51958212498597,79.52201271913053,19.642718636716168,146.75537419339977
27,174.74980115890511,104.12513937950139,174.1454002380372,493.28267631530787,151.36375923156746,575.5160533905032,189.03126489404187,570.3752393877179,174.27051954269416,576.6791179656985,389.15801293962164,90.08891095944927,85.3881117659138,105.60570838498587,78.19300524600806,79.82969159788293,15.926807967609026,162.90125839838322
28,174.22495851516734,103.2876222610474,174.01270151138314,492.2713008880618,149.82766733169564,568.9487808227542,188.27770423339865,562.8868275793114,174.21285037994394,564.6325454711916,388.9840512100348,90.03127208669477,80.47282307492735,107.61749505401625,71.63824922549153,80.24078259396337,13.130623442639441,173.8163562051502
29,173.51212940216075,102.1436624526978,173.72758865356457,491.31785755157495,148.071156373315,560.3203928037927,187.409455572144,554.2569489503549,174.1055171966553,553.8027248382571,389.1746975918193,89.9684050204542,71.67290809554522,111.70054841722734,61.38412775823126,81.35766813522663,11.612505995929927,175.65785853882477
30,172.71484994888314,100.81281943321233,173.29896163940438,490.6503059387209,146.45339851542576,553.270015299976,186.5497772776842,547.0055292586632,173.88330497741708,544.3402969360354,389.8382980049825,89.91426571357215,66.21808230305115,114.35844712733105,54.65553221344933,82.11203990797573,10.110816278514852,177.51080355549482
31,171.98967370986946,99.46506547927864,172.9556821823121,490.0029703140261,145.20349419621246,548.2732507404137,185.87282843806247,541.649167013855,173.547897720337,535.634074020386,390.5392434973895,89.85839733689237,66.28918806956263,114.86684475983604,54.44510791363734,82.4183373087527,9.196608271482647,172.06703655758238
32,171.42741613388074,98.34676246643073,172.7238003730775,489.26873569488555,144.60192019433367,545.021606716405,185.53276394487492,537.700329841504,173.24794435501104,528.3058090209963,390.92388725376935,89.81002471744696,70.3067604310546,113.47602203933877,58.69631640625134,82.07686082234119,8.78674726906742,160.24111812638446
33,171.07998037338265,97.47758331298833,172.71497364044197,488.6224740982058,144.37839547588993,543.1118879383127,185.32797223187234,534.8165952197016,172.9448766708375,521.9942367553714,391.14820161613113,89.76046468916394,75.14726686821817,111.50422988274322,63.428150493462226,81.53440582797109,7.773889850324227,155.47287463264715
34,171.0024674415589,96.82620291709904,172.83099880218512,487.96427860260036,144.4269195855546,542.0625056290212,185.21959491948743,532.6926258280663,172.54872827529914,516.5397640228275,391.14239457076314,89.73196632436691,81.74642846018575,108.61382383811419,70.60513626537649,80.7374898636761,8.025749770622795,147.3406203644661
35,170.8581137657166,96.2448331832886,172.88049077987682,486.83652648925806,144.36059475250698,541.63160339105,185.09398667557838,531.140087594027,172.1505631446839,511.85917015075705,390.59678396597354,89.70301365785396,89.09483846921056,105.44003700154757,78.80965711340458,79.9575889140548,9.04854936200654,140.3973873703963
36,170.61533355712896,95.73318862915042,172.58835659027108,485.35410919189474,144.05771390832294,540.7409585265939,184.83148464410152,529.4433399881605,171.74706697463995,507.917765426636,389.6260093014836,89.7098033349247,94.79997659865815,102.82811654158155,85.35466468945268,79.30598308143347,10.326611541919638,137.13775353185582
37,170.29677839279182,95.30850276947027,172.11479969024666,483.6561719894412,143.58519035227593,539.5794914034949,184.48420196164744,527.6454190794806,171.34630622863781,504.33388042449985,388.35230673945534,89.73206018343441,97.68073186251988,101.37601755171714,89.02128250221222,78.92534436684383,11.565061556958609,131.08114575173136
38,169.96597957611093,94.87350702285772,171.50953702926643,481.98954391479515,142.94093040333613,536.5974653758584,184.02915154377618,524.8746543249058,170.94510889053353,501.455989456177,387.1197388137598,89.77197435025747,95.1430423970751,102.42044614778287,86.89052123316446,79.23673313427314,12.555134548203101,124.83423232335797
39,169.66695938110357,94.50398159027104,170.86329860687266,480.59730911254906,142.28407000238184,535.0615590437116,183.5005709893123,523.2375071203929,170.29637327194223,499.2996910095217,386.0957590098685,89.82276366382781,94.5521449894847,102.49178841086399,86.40336486799954,79.2280338068796,12.851787280986274,125.75528351941188
40,169.38470344543464,94.10373816490177,170.19529399871834,479.42135658264186,141.59544825344653,533.7471296316521,182.94849987918033,521.8443693849301,169.6203085899354,497.4841289520266,385.3186636470177,89.87950195826495,95.85819173816674,101.86712737704708,88.43466533850369,79.06388543805171,14.122623249838622,117.25410571881481
41,169.23653087615972,93.9732040882111,169.85184097290048,478.71126575469987,141.04444955446007,532.7234724168544,182.47645653212297,520.827799566269,168.89081268310557,496.1672597885134,384.7383407093259,89.90809308559696,95.6412831997591,101.83074641941363,88.09698784183594,78.99170349498314,13.728429420291583,116.7482676470232
42,169.17617206573493,94.02054090499882,169.85759849548347,478.85907249450713,140.6905506322226,532.2682703936674,182.15886325883181,520.4334258113324,168.28822002410897,495.53211822509786,384.8391137297355,89.89840460264544,93.0275618854542,102.8149188512957,84.37818399672373,79.17152967663866,11.786236817899864,130.33699975458728
43,169.14656162261969,94.40614070892337,170.09784221649176,479.82942028045676,140.46250369578695,532.9019139113522,181.9622412050079,521.3195366914438,167.80362091064464,496.83965282440204,385.42466389939364,89.858852114779,91.57734218867292,103.82875145205712,82.39468186004191,79.63693823132586,11.556674637216659,141.84475090724888
44,169.09915504455574,95.07823710441595,170.44151935577398,481.53529720306415,141.26579740265558,534.3883908191409,182.35367803252694,523.5805797601288,168.14308815002448,501.3597240448001,386.4592887029081,89.8015648745743,87.18256694347659,105.17874341626319,77.51573432040725,79.87345000335338,11.280355973185467,161.7628103546832
45,169.22816467285165,96.4056114673615,170.65887136459358,484.15474014282245,142.28442679627105,541.0262048814955,183.17621640464506,530.5027289201371,169.55366668701177,511.2723442077639,387.75143645208084,89.78906491499725,84.91179652821428,106.18376333627579,74.51677142292152,80.18781005625243,10.713134424093512,180.3952507884235
46,169.91957426071176,98.12399888038641,171.17469587326056,487.3028860092166,144.31359314960585,550.839387747704,184.70141034241144,540.8537033948899,171.616532611847,526.5639209747317,389.18124771150923,89.81512074798611,84.09829820908406,106.54036261800807,73.41384300131638,80.2426089508064,10.567422672485408,191.17595537818514
47,170.98103351593028,100.01811161041265,171.82193479537972,490.5108034133914,146.88507074388815,562.3962223069875,186.60049613142948,553.2394591359075,173.98716201782236,545.5497457504274,390.49497728068377,89.87613292603999,85.01142161068776,106.21553907441137,74.66119387538853,80.10315372637467,11.367291135523718,192.0736226793389
48,172.38650245666514,101.84799351692203,172.4797729492188,493.35873966217065,149.53750235687858,573.8791677412232,188.52307173166716,565.7671538100973,176.21452207565315,565.6401889801027,391.5129343971359,89.98568968722581,87.40512959659787,105.27599013571533,78.04263273964303,79.81256718955098,13.39679334864027,182.68308315757886
49,173.71269512176522,103.08446574211123,173.01653547286992,495.28420925140404,151.8016438640139,584.0321215345712,190.23348307019003,577.1108321040615,177.83330440521252,584.5996715545657,392.2008340849917,90.10114754907245,91.96384380361057,103.65794107890775,84.36201767855495,79.42130802813855,16.94273531817594,162.25891371180035
50,174.6629304885865,103.59405674934393,173.604543209076,496.2625144958498,153.6033314275758,591.8480520802369,191.42229422891145,586.214462767906,178.53481683731084,600.9966259002689,392.6684791862404,90.15369449866792,96.39385910923063,102.24933769464573,90.35353517409891,79.25799477828087,20.697701476222036,143.48785859518318
51,174.92667341232308,102.90483717918403,173.94045171737676,496.3898778915407,154.69109806328,596.6052106776997,192.00917082501175,592.2513305342835,178.4176309585572,613.0864238739017,393.48359159890936,90.14304013687448,100.65848404085246,101.06519685566113,96.16831328736832,79.29058707361551,24.780338134464085,126.80500723208219
52,174.3617043495179,101.02251524925238,174.20160408020027,495.63941631317164,155.08191900253306,598.2896751403811,191.93511515197844,595.4273580360565,177.57533903121958,620.8050136566164,394.61662087441334,90.02301404207695,104.3891689372419,100.44133214974376,101.47021449356062,79.76539330656733,28.879649589467256,115.5033902419546
53,173.06239013671882,98.08882555961614,174.3775815963746,494.2834352493289,155.55720329284674,597.8016906738284,191.7591937453825,596.418706870974,176.80583591461192,625.3876796722415,396.2010959514234,89.81060766694434,105.20955529431608,100.31098286976827,103.51037944159123,80.17577546550694,32.05676992010796,115.10174811830915
54,171.35509557724006,94.56541829109197,174.51045255661023,492.977024650574,155.4709021568299,599.1137355804445,191.51664409637462,598.4019622802737,176.32070217132576,628.7144729614262,398.43100221294236,89.54835259179355,107.83222228881883,100.17371336646146,106.79345944961875,80.82283945192283,33.84672956664062,116.11397234594924
55,169.77090320587163,90.58199172019962,174.9372232437135,491.7251070022586,155.8857657432557,599.7454013824466,191.5756714820863,599.7769077301028,175.98483066558845,630.9761276245121,401.183251114087,89.26478761800091,109.68691981508839,99.99810974804147,109.32753577703109,81.24478957866407,34.86299487187748,116.35409662411479
56,168.30307054519662,86.82699017524725,175.30104827880868,490.81362819671654,156.2085458755494,600.1329883575443,191.74382429122934,600.6761489868167,175.99643001556402,632.0259620666507,404.0498117581116,89.00934995982215,110.97237753546432,99.89780118402473,111.08492792526842,81.49764584395515,35.079781215773544,116.59611357795613
57,167.25551853179937,83.80528459548954,175.56297559738167,490.4046213150027,156.330168914795,600.287001037598,191.9730294227601,601.0669113159182,176.2023588180543,632.0995670318607,406.68432553853586,88.83004930771165,111.5521138919317,99.9236978833242,111.87097167850564,81.57233428290881,34.81033124879525,116.91984487298916
58,166.48896017074594,81.60621628761295,175.6795361518861,490.33763523101834,156.24295005798348,600.5696136474612,192.25550136566167,601.3919574737552,176.44230966568,631.9554645538334,408.8329198535512,88.7113116335746,111.93245919910233,99.99971223934735,112.28461628060793,81.51464983398067,34.4122600725362,117.3557589640797
59,165.96765747070322,80.08814282417302,175.62578573226938,490.5198646545412,156.1139588356019,600.950905990601,192.43986139297493,601.6694263458254,176.74151134490975,632.0714267730715,410.54293222674016,88.650946787257,112.1415272153281,100.02038631100199,112.41472170385286,81.39998638812348,34.21625998250032,117.30626577945154
60,165.6730020523072,78.9652635097504,175.37894287109384,490.85627288818375,155.8644939422608,601.3590000152591,192.53808517456065,601.9201656341555,177.02758302688608,632.1793254852297,412.00439535341627,88.64929009000693,112.2126036864087,100.01486219845957,112.38198848367874,81.21724685063249,34.00361772320485,117.13451171990317
61,165.59273166656502,78.1503311157227,175.1554741859437,491.00587749481224,155.59514455795295,601.7303634643558,192.51736536026007,602.2099411010745,177.28241519927988,632.2879402160647,412.9661581180049,88.67279883962544,112.43896438624209,100.01829864007567,112.55122370631645,81.12601580081363,33.71688476896774,116.8604381901429
62,165.62386798858648,77.47318673133854,175.00978517532354,491.07125625610377,155.42768945693976,602.0355491638186,192.49941072463994,602.3769294738772,177.45781354904184,632.394813537598,413.70458641077465,88.6998886744376,112.67891664594471,100.00809782164603,112.67123027577804,81.06998975542888,33.575082602484464,116.61620495637467
63,165.67367010116584,76.7609400749207,174.92390003204355,491.0520816802981,155.3182026863099,602.2180828094486,192.50991163253792,602.5196002960208,177.55077419281017,632.4597717285159,414.39437108843157,88.72094702072559,112.88166189254457,100.0021489132431,112.84595761789438,81.03428789023795,33.469000463840295,116.54981570988357
64,165.66937189102177,76.08477139472966,174.9356249809266,490.9299106597902,155.30858793258673,602.226092910767,192.51535253524787,602.5371212005618,177.57266845703134,632.499142456055,414.9486188343952,88.72042198783078,113.01355196043771,100.00132254860392,112.98325719874195,81.04865473143106,33.481421011940625,116.50648947735708
65,165.61743621826176,75.61279211044317,174.8726936340333,490.8946231842043,155.26871757507334,602.2942897796634,192.5154817581178,602.5863906860355,177.6163898468018,632.560120391846,415.38495717162516,88.72329299535957,113.11146649928425,99.98064746195101,113.07662314265839,81.02375613155178,33.47244801280269,116.43112349535758
66,165.54075069427498,75.36251263618473,174.79913721084606,490.8876316070559,155.20402841568,602.3790122985843,192.50082788467418,602.6263626098636,177.6111409187318,632.62260093689,415.6282521644818,88.7235985287989,113.20027354548716,99.96817074601694,113.13222303698109,80.99798343866482,33.488452283973864,116.39940260580917
67,165.45273218154915,75.20661320686344,174.71945447921763,490.88770217895535,155.151022720337,602.4665611267093,192.48531770706185,602.6596389770511,177.58593215942392,632.6667728424076,415.7843487783657,88.72288290131515,113.28182333415064,99.94716770807547,113.17505420673801,80.96847834307647,33.50249869518209,116.40599889548814
68,165.42737426757822,75.24276304244998,174.65586404800425,490.8642366409304,155.11736097335822,602.5383666992191,192.44528884887703,602.7282047271732,177.55877208709725,632.7134002685549,415.7239162158446,88.72796658827708,113.37042759482443,99.92350689853467,113.26963341663023,80.96417079919294,33.47701871776669,116.4027509772994
69,165.36077070236212,75.36586904525761,174.61324110031137,490.89016151428245,155.09271345138558,602.5570396423342,192.38057136535653,602.8137817382815,177.53942165374764,632.7664806365971,415.6270885908631,88.72404140030396,113.3600126202312,99.91419499575588,113.32500839238591,80.9808998737631,33.42775400894791,116.35761102847394
70,165.28858852386483,76.01889257431034,174.5708237648011,490.8871715545657,155.09634046554572,602.4522407531741,192.33951015472422,602.803624725342,177.54650659561167,632.7595272064212,414.97067630093846,88.71695844107703,113.25085072998851,99.89565049576598,113.31800068040411,80.98187682795343,33.40935287566061,116.28184873433386
71,165.48403682708746,78.02254486083989,174.5799715042115,491.4754316329958,155.1016693115235,602.2936149597172,192.25578413009652,602.512362289429,177.4791989326478,632.4892395019534,413.5497990646596,88.73735681159513,112.51623524580398,99.96354392117573,112.43473621591494,80.95851305137873,33.4197102773338,116.24504566454084
72,166.0958888053895,82.09902887344364,174.56728096008308,492.6471200942996,155.10383806228643,601.7532089233401,192.07086639404304,601.7681816101077,177.48854875564584,631.726210021973,410.6330789455551,88.81732484325804,110.82866422250935,100.11594637346863,110.51611446225468,80.88506545011731,33.31918146882643,115.95464118935277
73,167.2735545158387,87.44514675140385,174.62617835998546,494.1615777969363,155.08602609634409,600.8510890960696,191.8821573257447,600.7882743835452,177.49502658844003,630.7017101287845,406.7844906610794,88.96699810455334,108.46686326672734,100.39239936929347,108.01409374947954,80.80167746498479,33.19410245891199,115.68123272228098
74,168.7757665634156,93.25895338058476,174.52296934127816,495.78563880920433,154.98236408233652,599.6871692657473,191.59944896698005,599.6429485321047,177.4507963180543,629.5284942626955,402.5748288783651,89.18717949059295,105.72633124592831,100.66865525441858,105.25222917964565,80.65500490707885,33.066105455629334,115.32594805361306
75,170.42529106140145,98.65093231201176,174.29730205535898,497.3139001846317,154.77164182662972,598.3759468078616,191.26928815841683,598.2905982971195,177.48409700393685,628.3751403808595,398.6917860038787,89.44848977426453,102.93321976736416,100.94760462240208,102.39400672155105,80.4511938273847,33.093787669689,114.61040678540998
76,171.85855693817146,102.8670444965363,173.96889162063607,498.46868801116966,154.45594100952155,597.1174087524417,190.91054229736335,597.0602203369143,177.33782663345343,627.3044307708742,395.613997115381,89.69644486163648,100.56046364538528,101.19113082621813,100.0370977723144,80.24832698873784,33.148324368044435,114.15241834322055
77,172.90255699157723,105.61743535995488,173.59479150772103,499.0832782745364,154.0939855575562,596.0169349670414,190.5558914184571,596.0086807250979,177.1314827919007,626.4258411407474,393.4662996842933,89.89770885248173,98.87479486942982,101.3689413801464,98.39834581610563,80.07813262041972,33.22426698762454,113.71949846309315
78,173.30336999893194,106.56266732215886,173.1906323432923,499.14462604522726,153.73897619247444,595.0093299865725,190.26622810363776,595.02453994751,176.75044708251963,625.4822731018069,392.57835975944005,90.01428361353274,97.81678398143576,101.46206001142777,97.38882699118494,79.90523025374644,33.25077087705821,113.58243990674838
79,173.14757289886484,106.28605256080633,172.9107488632203,498.697339820862,153.45493288040166,594.3651866912844,190.09485816955575,594.30595741272,176.24043588638315,624.1952743530276,392.4090417315698,90.033407864235,97.62542943952319,101.49153935309513,97.14027976323177,79.81513809666869,32.788942192997546,114.10140214306384
80,172.7883653640748,105.81672210693365,172.7970293045045,498.36502513885523,153.28357381820686,594.1545780181887,190.05614604949957,593.3508903503421,175.60555286407478,621.2018226623537,392.5478394438685,89.99855475228048,97.75392153184826,101.50243381886354,96.54073886523116,79.70739084367264,31.319514769786114,117.10518291783393
81,172.37754888534553,105.87517509460454,172.8608913421632,498.16335792541526,153.42967748641973,593.6062419891359,190.26427516937267,591.9235443115236,175.0094093322755,616.3790382385257,392.28887422961935,89.92928798625381,97.38582086108724,101.46965065650744,95.36138175873805,79.46709563070792,29.095236503758617,122.69760562223904
82,172.1440216064454,105.88248243331914,173.01337089538583,497.83596172332784,153.69409189224248,592.4951812744143,190.071523404098,589.5129710572216,174.3669871330262,609.8681396484377,391.954619371616,89.87287676980485,96.53648791656093,101.40730464571942,93.35412326035183,79.2549571004117,26.237078511020396,129.31010997627402
83,171.95886344909673,105.80833210945134,173.0390047073365,497.3587114334109,153.24062585830697,589.9765853881838,189.47099639367997,585.903239960643,173.53943443298348,601.9710960388187,391.55168759196937,89.84196356981167,94.61877908891954,101.89898847913778,90.05207903925462,79.1987595601514,22.818537373348178,136.0657099033317
84,171.72667455673226,105.722517490387,173.01132259368904,496.88550262451196,151.89487667083748,585.616107940674,188.50626819258267,580.60187099224,172.78918056488044,592.3140220642092,391.1651137321968,89.81180121700662,91.21254903113797,103.3484969073564,84.97498047655304,79.50816581816392,19.443617325347425,144.12198176003426
85,171.35607147216805,105.35572457313542,172.89571943283087,496.3831144332888,149.97766504287728,579.5089351654057,187.2749245568491,573.8924999224889,171.8850659370423,581.2068778991702,391.03052371450445,89.77441002900876,86.36548559966609,105.6091268227053,78.56482697081205,80.13558067592612,16.56305426582238,154.7430492559638
86,170.89884614944464,104.55711426734932,172.66081657409677,495.71284751892114,147.6443784435975,571.1526938132793,185.89654063687362,565.5758163452797,171.08328866958627,569.7066658020021,391.159854721242,89.74198191587882,78.2951583741646,109.64947046650448,68.87228809411727,81.37006677087419,14.307173941324885,163.72868885190178
87,170.39312419891365,103.35683841705327,172.3331088066102,494.70299797058135,145.41756624926174,562.9822023146135,184.63809437095924,557.3793288136283,170.27193717956553,558.3504032135012,391.35121168388014,89.71606016691574,72.3153406600752,112.74539767335658,61.840957441481166,82.40218733531252,13.372074229039168,175.37128723561366
88,169.95292224884042,101.88149681091312,172.0559826850892,493.6684772491458,143.47977652598973,556.0239053789284,183.60988442468812,550.3055620542215,169.47809629440314,547.839124298096,391.792759500734,89.69255113994035,69.79737789584155,114.3956797014008,58.81922212712326,83.0723880300313,12.88774285477372,184.007044054313
89,169.59497613906868,100.42690005302437,171.8466989517213,492.57522830963154,142.12167557818847,550.7216215228003,182.99433472091988,544.4827056628817,168.7250395774842,538.0375106811526,392.1548510387351,89.67110044524048,70.42189709130139,114.52242857906232,59.1955023346663,83.21169458020208,12.520568544681085,190.6603952495804
90,169.32514247894292,99.14661378860478,171.80320901870735,491.37324523925804,141.59160777602187,546.9776280953453,182.79506977556431,540.0661724114523,167.9808629989625,529.7312187194826,392.23432651152575,89.63796543628911,73.18473606398561,113.25383192064224,62.135774136552115,82.7985868739319,12.413563840167841,194.99271436350628
91,169.1066915512086,97.95268678665165,171.71670188903818,489.90449028015166,141.51524168906826,544.6039371558094,182.3563503622696,536.553004075825,167.24207506179818,522.8137575149539,391.9604884980039,89.61829933559754,77.2893362173041,111.03422359224828,66.38235225192221,82.1272371814611,12.340549470166426,196.89070632132018
92,168.87060899734504,97.02112321853642,171.6233052253724,488.37036571502705,141.18130780074733,542.8684916498147,181.9621410148497,533.9969000622933,166.3773894309998,517.4680883407596,391.3587753239478,89.59657813904005,80.90062118023104,109.06322977291391,69.86475162720376,81.45682866377791,11.381892090007254,199.71614108029956
93,168.5391494750977,96.53068184852604,171.38834447860722,486.7530403137209,140.61943912824626,541.1647441109706,181.51254962152214,531.5860266898744,165.64507846832285,512.6482608795168,390.23229952553737,89.58131394163998,85.07400076965426,106.99132746702392,74.33888559326583,80.8148221605117,11.081028623190104,192.95542907930664
94,168.21964836120614,96.11123776435856,170.9099407196046,485.16951999664326,139.8822287356142,539.0175040857318,180.92905158467462,528.9804567789278,164.8414155960084,508.2323127746584,389.06747356987375,89.60378080687899,87.97213653866277,105.50255755546371,77.7139364575249,80.3102469557567,11.157962917590321,181.29662177078131
95,167.88471403121957,95.64260883331303,170.15783290863047,483.3830244064333,138.93693005575062,535.9002562088206,180.2366114713774,525.876783004426,164.08490161895762,504.41430377960233,387.7479541043446,89.66457441672765,87.9597101944972,105.46805639318796,78.04787493437576,80.22834177637591,11.238571128277147,166.04231637577965
96,167.58521080017098,95.17074780464179,169.2866910934449,481.57701816558864,138.09034721931974,533.7414486446112,179.58149129336223,523.5008392727218,163.36537895202645,501.1453971862796,386.4116108274942,89.74838238411843,89.59990264882015,104.57406625965561,80.28547343887716,79.89872506647156,11.854551805902908,153.84305615894672
97,167.38820734024057,94.76363425254827,168.43202066421514,480.1543071746829,137.19135796973674,532.0027379898886,178.86946075588966,521.6259031341743,162.50972967147834,498.6516738891604,385.3934718470358,89.84532764354194,91.5685729964388,103.57327230230167,82.89157869098355,79.52569162104615,12.509422570710104,140.48404956121072
98,167.26092090606696,94.505808877945,167.69292974472052,479.03363628387484,136.32876370403366,530.4902507780398,178.17259160552402,520.0281137927124,161.61153697967538,496.54808158874533,384.5285647752277,89.93576614647588,92.6316471738358,102.94146463764461,84.26551516817885,79.24190740500993,12.680575605187125,132.24088710975758
99,167.22419834136969,94.25787029266364,167.1474818229676,478.19360408782984,135.5738622774439,529.214733198461,177.55593273203897,518.6978663382229,160.74449653625496,494.7698696136477,383.9349449947712,90.0110371302712,94.31078854130084,102.12681396424814,86.44113390744764,78.9396639564834,13.173348134662564,121.4611433846358
100,167.1589331626893,94.07805233001714,167.02469425201423,477.73709411621127,135.10183604648896,528.3538726816645,177.1366519097635,517.8811919181283,159.97011232376104,493.6697971343997,383.6583103985441,90.01947091274313,93.5167909762108,102.41201505127296,85.59084819240752,79.03176694957718,13.299190062502854,125.30878494834892
101,167.06017704010017,94.20786232948308,167.3030472755433,478.52046279907256,134.17689589489075,528.465644017669,176.6993775609547,518.2868133208664,159.3398470878602,494.2780189514163,384.313139366638,89.96398839802971,91.60864185298261,103.93924949423601,82.85981358483858,79.79424922325934,13.03600933092188,143.1278858700593
102,167.01500282287606,94.78822436332707,167.75240182876598,480.33714084625274,135.23124442252947,529.7745212842979,177.0735237555517,520.3232617566988,159.36859626770027,498.2716033935549,385.5504607405524,89.89127757519599,87.30022070029007,105.11364509886667,78.36043999381198,79.92599935424973,13.103527691303222,158.96051833613873
103,167.12628717422493,96.11494603157047,168.2321636199952,483.2661703109744,137.63869309070003,536.4858259999409,178.37019299480812,527.3795146845515,160.72714366912848,508.3105579376224,387.153235006393,89.8372590120041,84.66927975094876,105.60559224737835,75.60610915081777,79.82524961399416,12.992102478647878,175.09204096998738
104,167.8184788703919,97.89133839607244,168.98636150360113,486.7964878082278,140.88528871926394,547.0281934689083,180.36489178178806,538.2376829275196,163.06041364669807,524.047418022156,388.90740942838625,89.82822624869563,83.68656900798746,105.70617438643751,74.4553644405627,79.71489917810966,13.063970049366594,185.19386532963748
105,168.9024065017701,100.15291495323186,169.89223384857183,490.46676177978543,144.4248026616458,559.6428985010585,182.7016059795524,551.3108757746513,165.95187921524055,543.4747337341312,390.31612201978146,89.85448729481917,84.36781841901377,105.4383134813266,75.19583350288833,79.63353059807322,13.630999365757033,187.63256093320348
106,170.34131240844735,102.14817652702337,170.81692953109746,493.8916837692263,147.73466809489335,572.5961568014167,184.94594332615992,564.9530896723327,168.8353141784669,564.350621032715,391.7455883409406,89.92959745424301,86.54381857872777,104.82484558503606,77.83581939516887,79.63370619354977,14.991964458608944,181.81680230083555
107,171.7375871658326,103.35450387001042,171.52052440643317,496.4060476303103,150.35596801641296,584.1922123575404,186.79096524135593,577.592045149859,171.04376993179332,584.7111343383792,393.05242842675307,90.03058898511597,90.25303529885863,103.8596661848143,82.52975435871049,79.70742956635888,17.49365820283034,168.70388801266353
108,172.66538228988654,103.11065707206733,171.95691604614268,497.40909919738795,151.8765427918055,593.0937896638083,187.97914244663878,587.8274120317105,172.30062513351447,602.3059753417972,394.297777444524,90.10244448753755,96.57754701696669,102.2811814654882,90.68580845616401,79.8450353051767,21.64410413728832,144.67607538921126
109,172.83922643661504,101.43802728652959,172.3102949142457,496.7198484420778,152.2243762381431,598.2867086573599,188.39851052859038,594.5174154318964,172.42563953399667,615.2251876831058,395.2816694876045,90.07639621835469,101.93263033181519,101.5159401170409,97.59473850012698,80.44790777896704,25.975804503278617,129.6288121547086
110,172.22744770050056,98.22817535400394,172.46644115448007,495.3048923492434,151.241266155243,599.8092712402347,188.03600944611713,597.7089738036309,171.57454681396493,623.0743297576907,397.0792569721538,89.96613996118796,106.63621138634925,101.42576221673606,103.66178972459147,81.38827091708454,30.251738042271526,121.79712478289223
111,171.08160896301274,93.77445759773259,172.38945150375375,493.4140548706057,151.41417722702036,599.0950798034671,187.84466786288885,598.5714847160805,170.62380695343023,627.5176853179934,399.6453587687844,89.81367229637378,107.75200674321455,101.2591027986395,106.1504383998345,81.62844165426715,33.260804638557666,119.02771902573866
112,169.57192134857186,88.88887467384342,172.2765818595887,491.5468017578128,151.60838117599496,600.0405834198001,187.83926353454598,600.1867214202883,170.32283163070684,630.7772850036623,402.67106878867094,89.61706293204963,110.44662752607577,100.7925696640105,109.74783034662833,81.85031591442527,35.15798365137588,119.18838725222425
113,168.2265380859376,83.99102754592899,172.2569753646851,490.0680379867556,151.6322085380555,600.6617603302004,187.88840274810798,601.0917480468753,170.2553177833558,632.5872322082522,406.09916594401756,89.43297598864754,112.49821989064195,100.55657964379613,112.1162383349851,81.99532312731107,36.06034818144709,118.92835393251535
114,167.06516914367685,79.89535360336306,172.08636732101448,489.05994243621853,151.50659141540535,600.9688453674319,187.9592763900757,601.3541091918947,170.4905433654786,632.8566364288332,409.19442220826846,89.297536378191,113.78289061353206,100.4097779760984,113.40932275800134,81.96283268478425,36.01201652466221,118.90289205216823
115,166.30833148956307,76.5486689090729,171.81200351715097,488.8960845947268,151.29354944229132,601.1718799591067,188.00747718811044,601.3378276824953,170.85262126922615,632.3963924407963,412.3827533899495,89.23489373658995,114.13464595651101,100.35205142491455,113.60339036418041,81.80689299154184,35.47846101075039,118.90471526178474
116,165.84522333145148,74.18646602630618,171.39381446838388,489.2387567520145,151.00026016235358,601.4049491882328,188.03836450576787,601.433903884888,171.16760187149058,632.3321880340579,415.08899403176366,89.23333618772172,114.00523192873972,100.30314423641963,113.42628890257284,81.56099243283607,35.20443658157459,118.63460507419748
117,165.49782428741463,72.65052571296694,170.91540822982796,489.68444862365754,150.6538879394532,601.6667476654056,188.0476204872132,601.5939746856692,171.51169672012335,632.4853668212895,417.06919705753154,89.25502279402062,113.80123004540042,100.25533642414536,113.2167388468511,81.29494046929868,35.04029682911029,118.15896907320293
118,165.3471656799317,71.97165555953983,170.44878530502328,490.01454181671164,150.3581082344056,601.8084953308108,188.04338312149054,601.6517452239993,171.80968666076666,632.5806121826175,418.074379578854,89.30035975270117,113.58537252791776,100.1875571623915,113.017279090387,81.04267693480345,34.93157312440819,117.69122565514552
119,165.4327599525452,71.6404678821564,170.06481237411506,490.32205581665056,150.16383638381967,601.841123580933,188.06168880462656,601.7095031738285,172.04889287948617,632.6145717620853,418.70753621521294,89.36593865364779,113.28099065228997,100.11799860550268,112.8316123017628,80.82182715678917,34.809258462069266,117.38507856521633
120,165.77444324493413,71.50780062675479,169.827337551117,490.5496973037722,150.14079008102425,601.9270866394046,188.08067207336435,601.7913333892826,172.29232606887825,632.6344612121585,419.0613152115468,89.4459848975485,113.10350638019247,100.02413625411258,112.72738637162557,80.68184011916654,34.65052294029706,117.10485049263376
121,166.17490224838266,71.48892846107485,169.82207145690924,490.6505287170413,150.20937080383308,601.9929904937746,188.1270388603211,601.8740604400638,172.48562641143806,632.6381984710697,419.1775843493792,89.5015248963693,113.05657870416589,99.99018248963492,112.71929115786506,80.6542290406041,34.512018031040824,116.95129444832898
122,166.58193311691292,71.53309144973758,169.81973800659188,490.7747442245485,150.272240638733,602.1404438018801,188.16124029159556,601.9496887207034,172.57585344314583,632.717490386963,419.25448507635343,89.55751800331402,113.06823914004605,99.95470653629846,112.67762343648913,80.63157411499635,34.48943418633127,116.86673062056877
123,166.90837001800543,71.74625077247623,169.79320335388192,490.94857616424576,150.45018520355234,602.3481552124026,188.1214138031007,602.0378704071047,172.5693939208985,632.750497055054,419.21229511498416,89.60540835648057,113.06386296464774,99.84483998622868,112.59103869008955,80.63106184014791,34.42549047262065,116.85774988167476
124,167.1402941703797,72.83297719955448,169.8252851486207,491.087193489075,150.50291290283212,602.4818542480472,188.01849250793467,602.0505393981936,172.46504945755012,632.6357379913333,418.26223853074674,89.63119972519496,113.05219841289924,99.8222878635031,112.44477611656829,80.6927754855355,34.31287846529036,116.95383828637864
125,167.44337921142585,75.70964970588687,169.91052837371836,491.9727777481081,150.42158288955696,602.260808181763,187.88195915222178,601.8464534759524,172.41604957580577,632.3339550018314,416.26874517586094,89.65861781135433,111.99410780146707,100.01064987504623,111.33357280194696,80.7150454700143,34.186128856365706,116.89690746034299
126,167.93807792663583,80.69384613037111,170.03967666625988,493.32681922912616,150.21667165756233,601.4734012603762,187.72577915191658,601.282543563843,172.37888135910043,631.6840003967287,412.6365934736317,89.70757067691862,109.95422676865472,100.40152374796882,109.39489014709763,80.69660238880658,34.055627026593406,116.78346220153311
127,168.86004791259774,86.75163731575014,170.17769241333016,494.9240797042849,149.8588021278382,600.2250480651858,187.62456712722786,600.4581264495853,172.3583635330201,630.8481956481937,408.1755134258777,89.81705088832533,107.25696176361859,100.95887473971254,106.96734158184681,80.60553352971787,34.008878136520615,116.67194418818332
128,169.99387044906624,93.14721283912662,170.28752355575568,496.5796804428103,149.4684631347657,598.657252120972,187.52334108352667,599.5874771118167,172.35979013443003,630.0073917388919,403.4364766588953,89.9622305119395,104.19251350088992,101.56875569659745,104.44120914945258,80.48978449113558,33.98968843430041,116.49645014037894
129,171.21436662673958,99.02967000007634,170.35802764892586,497.99471168518096,148.98934116363532,596.9952705383304,187.39750957489017,598.5056110382084,172.32463941574105,629.1393253326419,398.970834728113,90.12639821834725,101.28912900454141,102.20704983300833,101.94630550850312,80.36827516814682,34.14154521371435,116.20012650407485
130,172.37201128005987,103.50433216094976,170.35690708160408,499.00341033935575,148.50352010726934,595.4483798980715,187.23512849807742,597.3334846496584,172.29982452392585,628.3224624633791,395.5073967100286,90.29288102807665,98.88857133104919,102.76654431147598,99.76871456096177,80.25666927856138,34.39096178752791,115.6808033407859
131,173.2023470878602,106.03714289665227,170.30520668029794,499.4925878524783,148.10453538894657,594.2196022033695,187.00394201278695,595.9952480316165,172.15828218460092,627.5261898040775,393.4659938020023,90.42054410868481,97.286155334069,103.17088682566931,97.93652882446786,80.18655543844325,34.77147377636409,114.78155976992144
132,173.70387458801278,106.75691261291509,170.2903532981873,499.4420234680178,147.87494668960576,593.6498725891116,186.73401107788092,594.873045730591,171.87451143264778,626.0124252319339,392.6981925159397,90.49662923100314,96.83238643175135,103.36385515580312,96.8371325995183,80.23178901451662,34.331038466796024,114.58226718326813
133,173.89852724075328,106.55407605171209,170.39315166473395,498.9410692214968,147.63936901092538,593.4163879394533,186.51328573226937,593.6504947662356,171.56377162933356,622.8073650360111,392.40148686849824,90.51104156355095,97.17278814301824,103.52535819535301,96.07133575492287,80.35013086758387,32.60592784258141,116.46827201380403
134,174.05020618438732,106.4720910072327,170.58491811752327,498.80764408111594,147.5957498550416,592.8172557830812,186.4249155998231,592.0663333892826,171.13548240661632,617.6872665405276,392.35033474526614,90.50598222061585,96.77026474819625,103.71264961699205,94.59422935223024,80.36878233696325,29.971191141925942,121.41617777550051
135,174.09412517547617,106.65169153213505,170.8384506225587,498.5137861251834,147.8756789207459,591.5197879791264,186.3409179028168,589.4503404757922,170.69082136154182,610.496085739136,391.8753758181616,90.47600270722609,95.74557699765029,103.77720160743017,92.28898314501448,80.07482736902412,26.824601711214296,128.78972876885265
136,174.1471972465516,106.63821454048163,171.08817625045785,498.0799943923953,147.67669315338142,589.2215637207033,186.20270853055348,585.7825880760292,170.43818235397345,601.5457145690922,391.4535727514042,90.44756432057102,94.02645422361837,104.25657462564308,88.96443911607359,79.92780228529837,22.873567284692687,137.98716901837093
137,174.01983871459973,106.43920288085943,171.2573558807374,497.72241821289083,146.95386075973516,585.2392105102542,185.77559159102043,580.7675030279488,170.05990276336678,591.0948135375979,391.29286769367997,90.40437824408448,90.79920452210183,105.4306659445901,84.2430589161516,80.05609024158971,19.059303700867023,148.4197586809289
138,173.62384290695198,105.87919402122503,171.3296749114991,497.4589603424074,145.45356450406058,578.7834670776106,185.00844096100118,573.73925124995,169.62828140258796,579.5285850524905,391.58684603502815,90.33596146098203,83.95882294418622,108.68701821213396,75.64182106433275,80.98015451643563,16.08331989227505,160.9047252848875
139,172.9248310089112,105.01858963966374,171.3163523674012,496.78804187774676,144.03875310634987,571.6602352732668,184.1883123991517,566.1409460946318,169.19948883056648,568.1225914001467,391.7742060902672,90.23555459479195,78.99070721270805,110.93739149316825,69.30869843543185,81.65654262013798,14.015250461765584,170.87542375717769
140,172.01604843139657,103.81392025947576,171.15559854507455,495.77931003570575,142.739524817245,564.4015249677184,183.4057661094457,558.2860281437632,168.8151557922364,557.0362720489504,391.96758805759055,90.12599025943713,75.41137432564597,112.48459966334275,64.65903382662388,82.19601543805366,13.16052594843178,182.04439067414125
141,171.1976029396058,102.47143206596378,170.97426328659068,494.76227016448996,141.68438083906312,558.1424709950879,182.77663164463274,551.4020112581865,168.49365205764778,546.8287193298344,392.2914838196943,90.0327148921939,74.77093642408978,112.79945655555379,63.38236003437008,82.4280488898662,12.390619769186095,187.9182452349269
142,170.53926897048956,101.07953968048099,170.83308372497567,493.4996419906618,140.88204086085383,552.7608417659889,182.2440421115928,545.3992943446823,167.95951147079475,537.2685588836673,392.4199397927646,89.95691522850029,75.80605166503314,112.24184756461526,64.22401659234514,82.38680114169628,11.869554567609438,192.91416012600249
143,170.17110671997077,99.83680372238163,170.73971681594855,491.8546463012697,140.57029158065475,548.2783076871747,181.9201774226159,540.3881325652608,167.2428476333619,528.6311161041262,392.01811095433874,89.91658079861887,78.10708652331935,110.80066708141399,66.91520968496472,81.96460734732773,11.779900783195197,196.20270836980131
144,169.9657217979432,98.84922208786016,170.58999347686773,489.7439346313478,140.59725616055962,544.737870393459,181.59077929590572,535.9645117765949,166.44968624114998,520.9332050323488,390.89494702494295,89.90852811368326,81.20291788627897,108.66705054076662,70.42082488499793,81.09529376348254,11.911973380557134,196.28243995838838
145,169.87817716598516,97.96818008422858,170.4049633026124,487.57219734191915,140.23439274446068,541.9897581577009,181.22482295081684,532.3880546529776,165.756851387024,514.4621921539309,389.6043192743222,89.92281794059117,84.12990054487278,106.87911772115909,73.58371646861906,80.4538499581006,11.64774238629035,194.4422232345406
146,169.78521461486824,97.09918103218085,170.18735322952276,485.753920555115,139.63377222672207,539.4266059199499,180.73059120255652,529.3067580649547,164.90719366073614,509.2609081268313,388.6550525285513,89.94089015782252,85.21718806883699,106.11305431295634,74.85713040943418,80.1606805604787,11.637500559363264,192.10876360400832
147,169.62054452896126,96.26573014259343,169.9698734283448,484.24833545684834,138.78424380722896,536.3196780872189,180.1999509005279,526.0538383440256,164.22321128845223,504.60284805297874,387.9828374021236,89.94848500876444,83.4566277302778,107.02649289979036,72.99036886289505,80.47942577272659,11.640352358605178,190.48785038268218
148,169.34776306152352,95.589918088913,169.83121252059942,482.6403312683108,138.34133157375442,534.2550763563165,179.83376963246027,523.8449230923022,163.55741024017343,501.3868499755862,387.0509029695701,89.9284708057206,83.448086561608,106.93753745961067,73.05918686589982,80.46784954478062,11.646994493449506,188.5448461390782
149,169.06596193313607,95.17618122100833,169.66006717681893,482.164318084717,137.97885397264426,533.4402647916954,179.59265232440063,522.8359988251469,163.26857414245612,499.5308246612551,386.98882508554743,89.9120792843113,83.98302957760598,106.87738193275814,73.52745220358379,80.55238367819923,11.745405202722129,191.47240574286153
150,168.71288766860968,95.2341313838959,169.66401662826544,483.12417087554957,138.524714308126,533.4543364778525,179.80677607356316,523.4264569740826,163.5423163414002,501.48644828796415,387.8911697411369,89.85977404365951,81.60223791571802,107.48540366138518,71.0505708420029,80.54206031765152,11.417590002340795,194.6629833880458
151,168.5710536956788,96.20906891822818,169.6907630920411,484.8622703552249,139.09252197984577,538.3443426182546,180.49638181431553,528.7698719908504,164.7644565582276,509.7831455230715,388.654623557976,89.83521135298592,80.6828870681094,108.14633953563086,69.80247225035546,80.74988462326097,11.095579866593127,198.24185965973467
152,169.0409626007081,97.83642845153813,170.09406967163096,487.35421924591094,140.795696901115,547.2642003137557,181.80199659431645,538.2294397328226,166.7628074645997,523.9868423461917,389.51936381452407,89.84509110397165,81.47804634791254,108.16264900597496,70.5368015222118,80.8669527985108,11.072086420539952,196.40169300387655
153,169.9909234046937,100.25557212829594,170.6517792701722,490.06554565429707,143.1200076375432,558.6347561070658,183.4370942692806,550.3344994884891,169.14566078186044,542.2076339721682,389.81150938900385,89.90301982934157,83.87269641572466,107.57832152459311,73.31306434493882,80.88420360901947,11.56452678242778,188.52926103602738
154,171.2612395286561,102.26949419975286,171.3314120292664,492.95564365386986,145.7003270523219,570.9568198817606,185.25932250760386,563.4319667529606,171.48701944351205,562.4542579650881,390.68757823170586,89.98940859417965,87.29426585192432,106.62328004065373,77.41107030756709,80.81740305046795,13.09389106004658,176.28829415626603
155,172.56943159103403,103.50324501991277,171.98363285064707,495.12075767517115,148.25136697320372,582.6940201123037,186.97701340503244,576.1266744898938,173.45822858810433,582.6604179382326,391.61733492743616,90.08461275397279,91.95174547243478,105.26240494923742,83.22337821463732,80.74776223530928,15.701821461763583,160.80887212282101
156,173.34726724624642,103.29017286300663,172.5145544052125,496.03369770050074,150.34812962212632,592.0385900343061,188.3218463062565,586.6267146579384,174.68503494262703,600.4068309783938,392.74218368889456,90.12045943905878,97.44957377553666,103.65842065957877,90.38149380195284,80.71280630578016,19.602853764506815,143.74151386860467
157,173.29689350128183,101.55602903366092,172.90293416976937,495.3736341476443,151.74832335906552,598.0237835081198,189.0363485128663,593.8675384050163,174.86835546493535,613.8422710418704,393.8183461365946,90.0568938551362,103.14389382993213,102.08040182700914,97.94552585841609,80.80404491940024,24.180930230755486,128.97967373242068
158,172.41773366928112,98.10127387046818,173.07763519287118,494.1321414947512,152.4288424491883,600.5793468475345,189.29735266913326,597.6972831386203,174.30164070129402,622.0796157836917,396.03720754694956,89.90616795078637,108.36358974156579,100.74727814786735,104.96428610041602,80.932451352509,28.584774046815618,119.99347286734007
159,170.85382261276254,93.35732188224797,173.09429473876963,492.4956275939943,152.91342773437506,599.9304855346683,189.41738510535487,598.645010701667,173.63203039169318,626.8816795349123,399.1527535416578,89.68115188886495,109.29697189516908,100.62939297237178,107.37897252319064,81.09470719016214,32.06838999148641,117.7731132815296
160,169.17867593765266,88.31052546501164,172.9739234924317,490.7041936874392,152.59045352935797,600.7254425048832,189.49731407165538,600.2259056091311,173.44824371337896,630.615584945679,402.4181703024451,89.46276327469712,111.89375614536269,100.49825724284932,110.76198979208105,81.4134862512816,34.28604326929589,117.1753060945512
161,167.90775470733652,83.40700531005864,172.93772573471077,489.2766571044924,152.6301740646363,601.4585098266604,189.61861057281502,601.4299461364749,173.42483415603644,632.9593082427981,405.9023046753305,89.29103071961177,114.00218603520344,100.25218660283154,113.3859809418992,81.54516323906664,35.40404525195079,116.80392644594728
162,167.0084602355958,79.62333965301518,172.75112018585213,488.3176654815676,152.49291429519658,601.9643917083744,189.71987228393562,602.1091213226322,173.563180923462,633.7598323822025,408.7319096913997,89.19406156399857,115.43488271891904,100.09514192513618,115.04882426402467,81.52970570862436,35.5198958318366,116.90230782130051
163,166.69180974960335,76.65786819458012,172.47133302688607,487.9538681030275,152.23121976852426,602.2254730224613,189.8225637435914,602.2047187805179,173.73211879730235,633.5055652618411,411.334720004622,89.19304425487618,116.05008634966751,100.0417505513819,115.5618496223871,81.36841414547371,35.19290933690722,117.18213735433696
164,166.73391551971443,74.79709100723271,172.1075503349305,487.9623750686647,151.97941579818732,602.5526657104494,189.88264713287361,602.3186725616458,173.98182582855233,633.2252819061282,413.2004969910911,89.25400097076344,116.34492556318284,99.96155850531879,115.73111397282243,81.16559523955803,34.75805734514005,117.22319834350138
165,166.6483164787293,73.823325252533,171.7207839012147,488.18908290863055,151.71710071563726,602.8838897705082,189.87996797561655,602.5118461608889,174.19260187149058,633.4584350585941,414.39701548609673,89.29861289996185,116.42670648421272,99.89325647490625,115.75725630408986,80.97436441132133,34.69668396265638,116.88044695664732
166,166.6467547416688,73.63666014671328,171.389467906952,488.4712520599368,151.52984476089486,603.1270507812502,189.82821741104135,602.6037063598635,174.3686068534852,633.6033920288089,414.86173893597953,89.34510744173762,116.3633419763515,99.82646877478655,115.61326201701756,80.82239699419071,34.6404404886956,116.50692707715808
167,166.7280982971192,73.61188483238223,171.1621777534486,488.9172369003298,151.45093097686774,603.3067897796633,189.85101680755625,602.7064674377444,174.45856037139902,633.7311759948734,415.32900431880194,89.38836709150114,116.0753260952356,99.7768181385888,115.31357645080722,80.67196319193494,34.63404894932468,116.38819691553034
168,166.9093118667603,73.620830488205,171.09273328781137,489.45857486724873,151.4769450187684,603.3710350036624,189.8952989578248,602.7216972351077,174.60127515792854,633.8301242828372,415.85880998644905,89.42362149118986,115.58884258494135,99.77099500672007,114.8122780126165,80.5740918935405,34.66483218624775,116.18063347174333
169,167.16125030517586,73.71898870468142,171.19870777130137,489.9940986633303,151.56398105621346,603.477935791016,189.96952390670785,602.7616672515871,174.70074739456186,633.912017822266,416.2950258458622,89.44424284313608,115.16992176553025,99.81633568648391,114.31899447404523,80.54925725248943,34.69118849120207,116.11252803276643
170,167.4571634292603,73.90546417236331,171.26160230636606,490.36287174224873,151.6122583389283,603.5672637939457,189.99807567596443,602.7736949920657,174.74115238189708,633.951396942139,416.47508187215124,89.47660050133824,114.8970471511869,99.84693035341841,113.96160217846926,80.5369624188512,34.710272894101756,116.07485123876367
171,167.67851829528817,74.16625919342044,171.27524223327646,490.68671340942404,151.6410796165467,603.6563301086429,189.97995777130134,602.8240566253666,174.70178146362312,633.9615829467775,416.53608144175814,89.50526109701634,114.66310251817993,99.85925696917465,113.6866011407032,80.53043820433912,34.68370057319999,116.13530958293566
172,167.83002777099617,74.4510264873505,171.27809467315683,490.74724426269563,151.66756820678717,603.587955093384,189.93898887634285,602.7842468261722,174.62989091873177,633.9440895080569,416.31041001535016,89.52540021777958,114.53198619687251,99.85824726603366,113.58048240079178,80.54381070714783,34.71738975625546,116.16570521569166
173,167.76108255386362,74.84166007041934,171.3273841857911,490.9593494415285,151.68292503356938,603.5506412506106,189.9027417182923,602.7547042846683,174.5800802230836,633.9488967895511,416.1320406868778,89.50810948480941,114.29220211511843,99.89672635897541,113.32800042736143,80.5674366757942,34.753559150107534,116.16327657407258
174,167.65402278900154,76.00768036842351,171.34695529937753,491.2559135437014,151.7041230201722,603.4491760253909,189.77850866317755,602.660702133179,174.54662218093878,633.8786811828616,415.26227240049263,89.48863980049441,113.89993564290855,99.93069867134899,112.9185329213764,80.6103657086112,34.73523284669339,116.01230409748712
175,167.83408279418953,78.52908616065982,171.28433456420908,492.15299625396756,151.79616432189945,603.2825389862064,189.5504714965821,602.4828735351565,174.50074300765996,633.621437454224,413.63400501904033,89.51946029101998,112.82508587604659,99.9431751403346,111.83031765488016,80.60517439886678,34.58417267375153,115.7947892123496
176,168.52111740112312,82.80697078704836,171.04855813980112,493.45070915222186,151.79761009216315,602.671420669556,189.22168970108044,601.9977657318118,174.45752210617073,633.0374099731448,410.6517676281196,89.64796663417434,110.90391562280504,99.99364955823428,110.05742717867237,80.49496613846974,34.372622159209925,115.431828591293
177,169.55196781158455,88.23232932090764,170.6505168914796,494.91020298004173,151.6693523406983,601.7356697082522,188.83648090362558,601.2756912231449,174.4387756347657,632.2284641265871,406.6862866843597,89.85012696298315,108.49823402829557,100.07467450807314,107.91061413227693,80.28919243795566,34.13965359952005,114.93525463759755
178,170.75801906585698,94.02901353836064,170.15048828125012,496.3735002517702,151.40660161972053,600.4445743560793,188.47583599090584,600.3301261901859,174.394813156128,631.403356933594,402.3553466803205,90.09307165717458,105.745698120921,100.21363766868365,105.56307516626572,79.98913478435281,34.11811860794768,114.37338631547091
179,172.02042770385748,99.33892087936405,169.6147714614869,497.4655204772951,151.03011713027962,598.9332798004153,188.11130075454722,599.1508636474613,174.39604005813607,630.4857280731204,398.1426373244157,90.3510020249775,103.15636876460196,100.38473315215573,103.35768852417516,79.67793694942085,34.2013792441927,113.61078313999974
180,173.1501182556153,103.38322720527653,169.16606025695808,498.20432376861595,150.629672241211,597.3920730590823,187.7428789138795,597.9045436859134,174.27272300720222,629.4137863159183,394.8438287297206,90.57915295999692,100.90604375231061,100.58949698121995,101.41775677481655,79.44247117062184,34.24166449904345,113.02351280121279
181,173.9998397827149,105.75005679130558,168.84814348220831,498.3758699417116,150.23888816833505,595.7735385894779,187.45657110214242,596.4193023681643,174.09381780624398,628.1058799743655,392.65600518590395,90.74941654736867,99.1604315613469,100.81759983754388,99.7929699384632,79.25868759082238,34.24161873150011,112.21226257115408
182,174.37692775726325,106.39866924285893,168.79261426925666,498.1472858428957,149.9190460205079,594.940149688721,187.26579008102425,595.0747154235842,173.56748380661014,625.7448741912843,391.7850777325017,90.8147411374878,98.61224491848627,101.01384879815231,98.67047018270983,79.22507687323737,33.42214292040798,113.18104325216581
183,174.51095018386852,106.11869473457341,168.92045869827277,497.71148700714133,149.96158704757698,593.7100997924807,187.09257993698125,593.146249008179,172.83917360305796,621.2821384429934,391.6310818567261,90.81701148457252,97.83492566843555,101.12778667398649,97.14859200968772,79.23628734893224,31.52469324346563,116.53698868444053
184,174.55764884948738,105.6832331180573,169.13244915008556,497.1672912597658,150.10393819808965,592.2964294433597,186.83342659394657,590.3044549600389,171.98759164810184,614.6370555877688,391.5211484070934,90.79388344774122,96.95159544235484,101.17012425622424,94.96990228745777,79.0152297291471,28.99083330131267,121.62227350163172
185,174.5826069831849,105.52373971939092,169.38745737075814,496.58920059204127,149.91137714385994,589.3124641418459,186.4990960673527,585.8284871518475,171.2461115837098,605.1230220794681,391.099824460561,90.76096832138376,94.65191345834187,101.66008175279163,90.90210657874819,78.79854745651737,25.068106898347878,131.0867974800263
186,174.42762241363533,105.1336761951447,169.51935205459603,495.9424112319949,148.9748901367188,584.3573219299318,185.88111311597896,579.546847920324,170.45145215988165,593.2082534790042,390.8392775741492,90.71953134037658,90.73390236008727,102.99905297224441,85.00464034821192,78.81889368544554,20.786466109319033,142.22786403862563
187,173.98804702758798,104.60056080818183,169.5522660255433,495.26965942382844,147.47714710235604,577.3946674346927,185.10273619128486,571.6580232428516,169.75244903564462,579.7905307769778,390.69415145122014,90.65064167247324,85.11520240238572,105.21658670564027,77.51508085387354,79.13123499158189,16.94420017180263,154.2425389698906
188,173.25090990066533,103.82062172889715,169.47223424911508,494.23447475433375,145.24200026767568,567.7260055477766,184.04020553740173,561.9782564061087,169.14399728775032,566.0249313354494,390.43303340024784,90.55465796580891,75.93796402889653,109.91097280896355,66.27393070758733,80.52375116318755,13.863898738421142,166.9169386607537
189,172.35331268310557,102.77636127471929,169.32722415924079,493.20751724243183,143.02225436883577,558.6854290199024,182.9552568419467,552.8920565295218,168.5465931892396,552.8918212890628,390.44431553234415,90.44433423620822,69.89642790012516,113.21613274141154,58.76311091509221,81.6313546306704,11.708735573198123,177.65608152604165
190,171.43744258880622,101.53869252204899,169.1208265304566,492.0525831222536,141.07874126001272,551.0860229115435,182.02306897671218,545.0934704373261,168.05415897369394,541.5175552368166,390.5220310191672,90.34011839421264,67.32819734734866,114.92647882455108,55.329804737429605,82.3347223620349,10.55163292011791,183.89093342065607
191,170.57884445190436,100.26653547286992,168.95065765380866,490.49027500152613,139.68564903574745,545.6802465201205,181.3196309221508,539.1095500081944,167.35706176757824,531.747229766846,390.2275361984545,90.2389890135243,67.79336934535743,115.21668695475412,55.34461729903001,82.74640862141409,10.116715109789938,190.26889836006907
192,169.90624389648445,99.21572227478032,168.92621364593512,488.89871158599885,139.08519797939297,541.6554863488275,180.8643218421843,534.4753720584464,166.63851556777965,523.19898891449,389.68397716664487,90.14363737458226,70.27932491042954,114.05629410862167,58.22865310185718,82.67091519350392,10.383164019286772,194.5820701690581
193,169.50802516937264,98.44727787971502,168.83635520935064,487.03732872009306,138.88185057251096,539.6750192148775,180.5464835949754,531.2972619322269,165.97142076492318,516.5216262817386,388.59051859458333,90.09885324709896,75.18368834052632,111.56242398526658,63.57210655922407,81.90110512741919,10.8691665560067,194.01215846711963
194,169.2214736938477,97.8389460086823,168.7399688720704,485.40464649200464,138.85350488391612,538.6001079820937,180.3663295519969,529.1279246080321,165.4699577331544,511.19295845031763,387.56551579891396,90.07130269721478,80.25770100159208,108.670453588461,69.03733731987529,80.90897493600112,10.542476001123639,192.10665245118113
195,169.0979630470277,97.2860616207123,168.4910928726197,483.83615455627466,138.63933697496432,537.5841859271875,180.10235823760584,527.2254188341335,164.95270977020272,506.8095596313479,386.5506390601862,90.09006699102964,84.74528856558352,106.05670231372588,74.0526566119942,79.9461830515959,10.372389171203809,184.499082729718
196,168.98885889053352,96.98958578109743,168.23982067108165,482.68174705505396,138.28772922495023,536.2570072440008,179.77269744125317,525.4471429718049,164.4144176483155,503.51110477447537,385.69311210197117,90.11133007985227,85.68288897754037,105.15253037832163,75.00383541121505,79.50850268772435,9.794426324233369,183.2767223171027
197,168.84149379730232,96.78573336601261,168.04241037368783,482.32671108245876,137.73724949179848,534.7011562252228,179.3980524627272,524.01281696864,163.95623531341562,501.7914794921878,385.5420115957723,90.11885499215475,85.30850036009325,105.621710592129,74.38983021366077,79.72254489213687,9.441480017906443,181.6385827237343
198,168.80877866745,96.72677497863774,167.95455694198617,482.9873132705691,137.87546732818592,534.130667691682,179.37958294983127,523.8240393891047,163.93287353515632,502.3284200668338,386.261591072988,90.12685890070723,83.38234409408108,106.2769750483774,72.19088567535395,79.73757150109084,8.663744681576686,180.29152133391048
199,168.79350452423103,96.97841649055485,167.99425544738776,483.99030838012715,137.70442424837466,536.1912504502583,179.60380542111918,526.2586300319305,164.6555103302003,506.74584274292016,387.0120577993652,90.11900870678002,81.27534627283136,107.64569321478436,69.36863558287718,80.20977675099873,7.825423182091594,182.13501460122936
200,169.19623594284064,97.87353839874271,168.19044342041022,486.10117988586455,138.77345948983535,542.8599551687812,180.57929281567186,533.6000401140285,166.13732662200937,517.5141479492189,388.22885933501396,90.14868502635278,80.04814849486914,108.45637004912932,68.12424398775696,80.43430064835663,7.693537453156953,185.9297234927815
201,169.91016492843633,99.23924417495732,168.63787908554085,489.0676326751711,140.73435159422326,552.6670704331515,181.99152750789312,543.9523866210894,168.02416658401498,533.1364810943605,389.83138475219454,90.18653484911592,80.48799016149985,108.52933724200473,68.8507389829038,80.47904753878592,8.758812671367597,184.52138467339947
202,170.79150657653818,101.06766281127935,169.09295339584358,492.2410053253176,143.18259644984252,564.1507926872085,183.602114447967,556.1095337374915,170.1494792938233,551.6339750289919,391.17847161301205,90.24805216618441,82.5420395087606,107.81235420778694,71.65142009250391,80.31618775672659,10.32948544741924,176.67029642867774
203,171.8767976760865,102.65881838798529,169.62027425766,495.146077346802,145.83340449450796,575.8999779626497,185.18823984185408,568.6421196749031,172.11937570571908,571.0760639190677,392.4945401200388,90.32846950141818,86.11461638200207,106.46184933742278,76.42738918548555,80.11541659618815,12.820205598223984,164.15842216649966
204,172.83484239578254,103.57158946990971,170.12828798294075,497.0081264495851,148.2519773209547,586.3773617124192,186.46612755110607,580.2287745060629,173.27155599594124,589.8949562072756,393.4441813571452,90.39308972863948,91.3793147258767,104.55676779508825,83.55590586179673,79.97684510117013,16.806484001352914,148.01984209001813
205,173.22602252960215,103.51332383155828,170.61671724319467,497.6802310943606,150.1470236478023,594.4079660416957,187.25747660944623,589.6682489072699,173.4119660377503,606.0115940093996,394.17381190056034,90.37800330084416,96.80647234720776,102.75752689529644,91.00682656095358,80.05454039779657,21.392078215985492,137.87216368897307
206,172.83940629959113,101.54358868598945,171.0397229194642,497.0374353408816,151.44868888854987,599.4920486450197,187.7298422247369,596.1501125777376,172.79970760345464,617.7268302917485,395.5006333827417,90.26056673014784,104.18816486618154,100.47847448883263,100.64602170999763,80.08927150609833,26.3702284094493,126.31249679553684
207,171.84759178161627,97.89442696571356,171.36866159439094,495.1515687942507,152.14800310134893,600.5143505096438,187.9287511938452,598.8474494286726,171.87667007446296,624.8732463836673,397.2642400313647,90.07047930601216,107.03116035198157,100.23634070579861,105.05951670469548,80.6212928268658,30.26614727344052,119.68686414599973
208,170.34527034759526,92.86707148551945,171.6749871253968,492.410339355469,151.7269086837769,600.8981208801272,187.9001392364503,600.3192867279055,171.11089305877692,629.017069244385,399.551789710071,89.81331746404882,110.30980508126038,100.43618140788573,109.11861699440827,81.44241346010261,33.06279983777394,119.16335023720733
209,169.16174097061165,87.22333145141606,171.72095384597785,490.22579956054705,151.72015810012823,602.0438796997072,188.14454917907725,602.2993068695071,170.6206070899964,632.5183078765872,403.01289055006805,89.63997063807459,113.59216525587861,100.14323390172935,113.26322166592479,81.68204878989421,34.90038296664285,119.79845606933667
210,168.33593616485604,81.57391290664677,171.40226230621346,488.58189868927025,151.5274572372437,602.821823883057,188.33011331558237,603.1295276641848,170.4209443092347,634.2970649719242,407.0191943433841,89.5685290824151,115.95417322039336,99.85987168276662,115.78803927189816,81.61793224177035,35.92669973397885,119.65116502285007
211,167.99231100082403,76.93781361579899,170.83047237396246,487.8126066207888,151.17961387634284,603.2329807281498,188.4796650886536,603.2480613708499,170.6768940925599,634.3019153594973,410.88567764897385,89.60098013043158,117.08058263043876,99.65281434930012,116.78074306678897,81.31656121381589,35.789625799661614,119.77927846549383
212,168.25864162445075,73.36026525497441,170.13277540206917,487.9902399063112,150.75970888137826,603.519004058838,188.54875516891485,603.0295471191408,171.25137548446662,633.6818233489993,414.6393828390218,89.73705575047346,117.14219815652804,99.51304963952595,116.51222787615227,80.90086886861519,35.19915019123389,119.4327419802691
213,168.7925764083863,71.16158647537235,169.39502210617073,488.7806781768801,150.2990927696229,603.8121173858646,188.490710926056,603.0132331848147,171.76774549484261,633.6722938537602,417.6249547942849,89.91537076870374,116.60677933062856,99.42209232929727,115.82553530824629,80.50300323999254,34.93280058981499,118.59980270888609
214,169.22057628631597,70.20222253799442,168.72425546646127,489.7312482833864,149.88887348175058,603.9948936462405,188.38131494522105,603.0488742828371,172.29393606185923,633.8202388763431,419.53140873208474,90.067714052464,115.80663763896432,99.35954363845362,115.01420775079796,80.15485935950845,34.73070010101875,117.58853145105503
215,169.4255342483521,69.64383983612065,168.1845306396485,490.4955329895022,149.64231472015388,604.2039070129397,188.3307753562928,603.1206951141359,172.7602653503419,633.9525634765627,420.85236824491267,90.17006210424216,115.21025911547329,99.26128755092122,114.41145461928527,79.85691910420985,34.54698159285963,116.78413085784504
216,169.46418600082404,69.84144186973575,168.00690660476695,491.07359237670926,149.6137358665467,604.4003955841068,188.29212045669564,603.206939697266,173.19028139114388,634.024531555176,421.232436027813,90.19933676301068,114.80863105029752,99.21827055802753,113.94958632207023,79.74770972879466,34.32009260033543,116.10483188968426
217,169.26400489807133,70.51722888946537,168.22641115188605,491.39661254882833,149.81266212463387,604.6286907196048,188.32816476821907,603.4179264068606,173.5072198867799,634.19045791626,420.8806287755578,90.14118942837983,114.71488268259166,99.22376686952565,113.80992101388934,79.8283059363957,34.15115589685653,115.72307100152844
218,169.17557382583627,72.63693289756777,168.48859462738048,491.73102111816434,149.95891399383552,604.4790676116946,188.33650884628304,603.4736766815189,173.76091995239267,634.0400306701663,419.09491308436753,90.09337351905708,114.24842568640109,99.30206422114927,113.49201305029608,79.92916807992623,33.86081309108625,115.49540223575252
219,169.14152717590338,77.31248283386235,168.71534252166757,492.5091129302981,149.86242380142218,603.4853981018069,188.23091831207284,602.8522430419924,173.71655359268198,633.4968593597415,415.19693497537367,90.05778178210645,112.56409226953743,99.63648044683684,112.05594290054017,79.9706687340657,33.90767321134604,115.34597800915846
220,169.29479160308847,83.5486507892609,168.99314355850228,493.5428905487062,149.5738451004029,601.7280185699466,188.06606006622323,601.9166324615481,173.49584140777597,632.6835441589359,409.99425576904906,90.04179606849597,109.92957332371658,100.21659289895477,110.0394090804293,80.01906381769814,34.04326143372032,115.33982192234981
221,169.61359529495246,90.25685076713565,169.23185882568367,494.91059455871607,149.12064161300665,599.557913208008,187.83557252883918,600.5994316101077,173.19365520477305,631.8994735717777,404.653976708422,90.054806241501,106.58967088059359,100.95015969365102,107.31381110816841,80.01435214263988,34.55619937606819,115.0729152734574
222,170.02674217224128,96.5761892318726,169.37256689071666,496.11734752655053,148.5434227943421,597.2609451293947,187.48954467773447,598.8743171691897,172.77347106933604,630.9147075653079,399.54212362165333,90.09522448305839,103.2908590043965,101.69968944757339,104.34185025494916,79.99779352415206,35.24956827469789,114.61465364279259
223,170.44674558639534,101.60532822608953,169.40451898574838,497.01346454620386,147.97466297149666,595.084029388428,187.18939380645762,596.8536560058596,172.27149925231942,629.9347389221194,395.41011110056587,90.15198061931594,100.39352986484519,102.34957496128541,101.4120804287689,79.8933707611326,36.19785389140352,113.57316062104807
224,170.7999825477601,104.73167262077337,169.31818895339975,497.48921546936066,147.45025978088387,593.5972499847414,186.7809398651124,594.9374645233157,171.77826900482185,627.6103832244875,392.76065280245206,90.21588723143488,98.55940370169701,102.80162079430156,99.0005562555802,79.8432788522735,35.75962414379455,113.33958383488991
225,171.05026664733896,105.92120003700262,169.22846374511727,497.3918643951419,147.04937124252325,593.0608802795413,186.34172003077836,593.2544830332643,171.3812555313111,623.3990402221683,391.4749374918592,90.26598587983074,98.19052941815214,103.00840835317224,97.42075826620274,79.80209477241644,33.60686738077128,115.7704066491255
226,171.1608495712281,105.51063470840458,169.17327566146858,496.87243938446073,146.94144315719612,592.7556331634523,186.04599850697636,591.2853327905252,171.17736635208138,617.2739105224613,391.36678090381565,90.29070130717204,98.41015998210729,103.00005669248911,95.89272873786135,79.76056937548998,29.971558067171433,120.50713218662727
227,171.21888303756722,105.07549939155584,169.1572949409486,496.3606939315798,147.28442697525028,591.6310741424562,185.8943497061757,588.2966837765313,171.2352579116822,608.7119491577151,391.29042420977106,90.3017828500095,97.67904239718355,102.80827697895276,93.37333086916244,79.51569880944504,25.395079939803306,128.587037590566
228,171.2831064224244,105.32400884628301,169.2441810607911,496.0258302688601,146.69996654549092,588.9891517127979,185.6029632259553,583.9328357768255,171.48085260391244,598.2076313018803,390.70695619447383,90.29881894591607,94.3286976013808,104.0187410849629,87.86219257287526,79.73781609863143,20.399884398214237,140.0783625124016
229,171.28300199508675,105.18407130241398,169.38880710601813,495.9687568664553,146.02283955601547,584.4221571994983,185.2989539258466,578.2522599711087,171.69236736297614,586.2198047637943,390.7892203995584,90.2776894135538,90.44109099294198,105.40170490020458,82.38697950472798,80.06318314502519,16.208025950870276,156.13816917839011
230,171.22474222183234,104.54020328521733,169.4618643760682,495.9464315414431,144.96601056806335,578.0580318508362,184.71591973899797,571.036506451159,171.3692543029786,573.3569522857669,391.40994182155123,90.25825064144121,86.39300658579583,106.81760930101474,77.07631263900045,80.40778641089156,13.632763054955607,174.11189637976534
231,170.96638908386237,103.48318181037908,169.4891340255738,495.37866115570085,143.62156410443387,570.2421754687359,183.88792982351967,562.5820328291934,170.49820089340218,560.070618438721,391.8982273722106,90.21635089362738,83.67556781623743,107.73412915138265,73.46148149348814,80.63505010647022,12.276700729826258,186.1602366771187
232,170.4714313507081,102.0790266990662,169.4105777740479,494.3222511291507,142.11291567683634,561.8732521884884,182.9196113744586,553.8285346448545,169.11400003433235,547.63539390564,392.2449979383697,90.1552862066861,81.77558404630122,108.34806627278805,71.11769768807689,80.79024641713261,12.36831779969209,194.65498797460415
233,169.79779157638555,100.5786336421967,169.3852887153626,492.8030075073245,140.61707349184405,554.069601916556,181.8043802329027,545.7495961581105,167.45561847686776,535.6194374084475,392.225587251105,90.05993193032113,80.17077811974683,109.01429845822425,69.02332172038521,81.08397760963341,11.855864612752173,205.6263550300123
234,169.07903280258188,99.05128149986271,169.23400564193733,490.62666473388697,139.3588434492498,547.4770882275492,180.75664952777825,538.7929085682945,165.8093729019166,524.8591920852664,391.57595476232933,89.97645602028925,81.72782014134276,108.4509902766068,70.92395151453678,81.0271776698467,12.261115391381024,203.06060117656858
235,168.3730924606324,97.65420680046086,168.85047063827523,488.2490303039554,138.45906987917851,542.1676152783637,179.9209467853478,533.0166408378662,164.4561337471009,515.9448234558107,390.5948214784942,89.92908885366269,84.890607541229,107.01472217049388,74.80175162039599,80.65559905466755,12.916005549488084,189.88942298381403
236,167.79720153808603,96.6961092948914,168.2131429672242,485.79106369018575,137.88291138487835,538.0906072977642,179.232059469647,528.4189810971448,163.34335193634044,508.8149673461916,389.0951060610772,89.93851234785086,87.98671534129754,105.22533229283552,78.83509596696535,80.0134429030348,13.599953825862109,172.39123523757578
237,167.46653175354012,95.9616139411927,167.3850803375245,483.2366102218631,136.6784408247911,535.0421822874648,178.51166125036278,524.8813085795489,162.6977100372315,503.41975593566923,387.27640304041773,90.01254804843435,89.45396877074948,104.52562897819985,80.63872438412841,79.74497921917303,13.458328002032934,156.28068233580635
238,167.21088924407965,95.31837897300726,166.37058305740365,480.93811302185077,135.79012567110678,532.3880154263733,177.85347891112553,521.8850100256789,162.07529487609872,499.22769203186056,385.6235325416541,90.1259907696995,90.41779429778214,103.7967218474777,81.8719726039901,79.38372571945617,13.359986228808065,146.5184002943767
239,167.1234244346619,94.74527726173406,165.29407863616947,478.8624578475954,134.8153843560434,530.1561565856863,177.1066382236537,519.4009227684905,161.27693433761604,495.9357336044314,384.1240702780664,90.27376621133247,90.43080729194378,103.41605855985402,81.87237144249752,79.07451164215439,12.91136117442105,141.99904242232475
240,167.07527313232427,94.2255948066712,164.27567291259774,476.7780120849612,133.9078524329852,528.0707523030205,176.40107691583776,517.1016526444276,160.4934296607972,492.98666496276877,382.56356340528515,90.41973332571888,89.63738618315844,103.31705003894594,80.6702513146223,78.79860310588953,11.684571075805714,141.34073764694506
241,167.05134696960457,93.72176437377937,163.38196172714242,475.12018795013455,132.93213522790748,526.222073924884,175.61987525528417,515.1216731380719,159.48368053436286,490.45250778198266,381.41377452516764,90.55046934025059,88.61753963893693,103.37526715689779,79.15120001126091,78.58602190607365,10.405316731320902,142.91685114962146
242,167.0490286827088,93.39458160400396,163.18904094696052,474.22389221191435,132.4752463394144,524.9783292710379,175.2351458649402,513.8235182300131,158.8196239471436,488.6492546081546,380.8461496623341,90.57924348031004,86.05648317901407,104.25669788156132,75.85830322618136,78.75759113595488,9.326501161878321,155.0730489557929
243,167.02865419387828,93.31241731643684,163.69862766265877,474.7591337203982,131.99442200956352,525.0634448736482,175.08588682790256,514.0556531780547,158.49560613632207,488.7705911636355,381.4624253370736,90.5004037625361,86.29508976844856,105.02312713775297,75.8372168674598,79.3462578262752,9.622068727115128,159.0510494325437
244,167.02828922271738,93.91914663314826,164.55024204254158,476.95929698944116,133.52774542537918,526.8119161936925,176.0335415090893,516.4834911258957,159.63455944061286,492.6579601287844,383.05272110021474,90.37290104680383,83.71140765630835,105.61841900275974,73.3585002621919,79.43256736444071,9.65782816887672,171.35387419419075
245,167.22795848846445,95.36070785522465,165.72492837905892,480.8513751983645,136.60869499776803,534.7062240892241,178.0483457143699,524.4594537177286,162.1544331550599,504.3357864379886,385.4988331863634,90.22659849862708,83.2043667477553,105.45638372758977,72.64954633396101,79.19267833589745,9.981589768913045,179.00370495919418
246,167.82017230987557,97.24614524841313,167.02920913696295,485.42739448547394,140.59446779457363,546.4105639152066,180.72622274451174,536.8194813268299,165.53648872375496,522.7305986404422,388.18552031276204,90.11870091524128,83.91316226644133,104.85491546048107,73.80977513604996,78.86425796070556,10.779244986417716,181.10116578877867
247,168.66247053146373,99.86083254814152,168.28398857116707,490.09298610687284,144.87156055854857,560.2211274748772,183.64019506645488,551.4511265411921,169.3485162734986,545.0422023773195,390.2337739981133,90.05565613808731,85.70960700895488,103.94948600304153,76.34456689988802,78.51996059412292,12.240931565197377,177.71774988156696
248,169.86766452789317,102.02546825408939,169.37306184768687,494.2049367904665,148.85614980203917,574.3401141731844,186.38856575878629,566.7475379999851,172.7472270965577,568.7062107086185,392.1792033839484,90.06989769550427,88.5961749974023,102.84437468633365,80.44497225460918,78.28118602117657,14.456710718492188,169.51498851742724
249,170.9308024406434,102.79085254669194,170.03968935012827,496.6602743148806,151.90671825955945,586.7382222634616,188.5019403309866,580.5722943148223,175.24734354019174,591.2453147888186,393.86757711847093,90.12672065373741,92.62548385930769,101.62001598108587,86.07092481098618,78.20987735935715,17.85211054602739,156.6591016052411
250,171.3128819465638,101.71847805976871,170.2375277519227,497.3594530105593,153.5318723022726,596.0166719721288,189.67497491192475,591.3579725419736,176.35573701858527,609.6853256225589,395.6389261093926,90.15438303755839,98.69650241093787,100.04221310880325,94.15632040851243,78.23195196022118,22.157979911441217,136.27683524779795
251,170.85907688140878,98.8269445896149,170.56109771728524,496.45008773803727,153.91916305379087,601.3387308363059,190.10249725322802,598.15803433473,176.35177116394053,622.1938930511477,397.6263989202484,90.04448077360414,104.34504916950138,99.295057027183,101.63838590987612,78.83139379312787,26.85625798412291,121.85687293961234
252,169.68184604644784,94.59621891975405,171.0244439125062,494.86311893463153,153.04029941558846,602.9763725280764,189.80100842445648,601.2719361031776,175.4406888961793,628.7710521698,400.28043854145363,89.81158196298203,109.58613009921939,99.35381888361992,108.21118552481357,79.90905743201608,30.749776813262496,112.6602529699
253,168.11343669891366,89.87517852783206,171.48966922760016,492.9253162384035,153.08989677429207,602.2239246368412,189.81655349731454,601.8356094360354,174.87542428970343,631.463914871216,403.0783678435902,89.52482305174178,110.83741171950626,99.56080666866407,110.44083992631165,80.45073407579083,33.06116035397665,115.84441968840423
254,166.6463191986085,85.35062346458439,171.88294200897226,491.4819551467898,153.15238761901864,603.4766067504886,190.03033561706553,603.2427169799807,174.81617441177377,634.0294761657718,406.1727633801228,89.2636911700896,113.54908666964123,99.48984264283906,113.22171108988658,80.7821890039938,34.3139772870634,116.01188447211223
255,165.4556158065797,81.32255764007573,171.97880058288584,490.4034509658816,153.13271007537847,604.116090011597,190.2482763290406,604.2102203369143,175.00392341613778,635.4628429412844,409.13303801048085,89.08583441721441,115.26298187560779,99.4050902993116,115.26005347598225,80.89622088724093,34.76179381141039,115.86133828973603
256,164.65673522949228,78.63272123336796,171.82282276153572,489.9865821838381,153.0844751358033,604.5030059814455,190.4645656585694,604.4704319000247,175.48452472686776,635.4913669586185,411.4116608726899,88.99988774999426,116.0400691942599,99.28934880586965,115.9927890314376,80.7599943394978,34.440529722690265,115.71082209065851
257,164.48206882476816,76.62505240440372,171.41393718719488,490.16298427581813,152.9908004760743,604.7137508392336,190.62481021881115,604.579932022095,175.8740267753602,635.048598480225,413.5946071188828,89.03764830653787,116.02584973767866,99.13505093227081,116.0248784250467,80.47042626066194,33.85356128614003,115.83059664351066
258,164.39996557235727,75.16010999679568,170.75821876525887,490.43942451477074,152.8249464988709,604.881592178345,190.66794118881234,604.6427745819095,176.26897573471078,635.0893123626712,415.3285023744555,89.12175186095706,115.84284724465603,98.90433043420622,115.9336438862907,80.10995258872603,33.683154313268496,115.3094775439411
259,164.2858049392701,74.20041022300724,169.98977384567266,490.68226566314706,152.64855976104744,605.0899971008304,190.66058053970343,604.7368362426762,176.625322341919,635.2620677948001,416.5211478676678,89.21520285820586,115.71668429174132,98.6174125922244,115.91601440533088,79.72614421878035,33.600407522857466,114.6931304813959
260,164.16424074172983,73.61392998695376,169.40439777374274,490.8417604446413,152.49809751510625,605.1938415527347,190.60448741912853,604.7808422088626,176.88342943191537,635.4273956298831,417.26039491431345,89.28047522275425,115.59520171842523,98.40965565197413,115.89381771716464,79.4596858418548,33.57873055233389,114.11731772402088
261,164.23879060745247,73.41541566848758,169.00703477859506,490.70624523162866,152.39947891235357,605.2658393859866,190.52524480819713,604.8519508361819,177.09364833831796,635.5378723144535,417.31758789283685,89.34556650797552,115.75549659602426,98.24852838802954,116.15314700506602,79.325056401432,33.49541439919838,113.63986857972253
262,164.5214738845826,73.4791318893433,168.99427833557138,490.81318054199244,152.3792189598084,605.3827533721927,190.50548820495612,604.9504814147953,177.17303543090827,635.6396495819096,417.3575679167104,89.38553392930102,115.76712020484837,98.25288048435603,116.14454738415505,79.32977007383292,33.45907857807338,113.48050344544106
263,164.8852207183839,74.25322833061222,169.02535800933845,490.9956356048586,152.35963554382332,605.4736713409427,190.55510396957405,604.9824367523196,177.27478780746466,635.769100570679,416.76010624796095,89.42918522352862,115.68465442003254,98.28522560477904,116.00109531970116,79.30913838375703,33.523531708387075,113.33952841790499
264,165.38047952651985,75.96893858909611,168.88675212860113,491.51671886444103,152.4064353942872,605.4129512786868,190.44599123001106,604.7385570526126,177.31896743774422,635.6236530303959,415.5588170574987,89.51448612268601,115.08257060401048,98.23127219662068,115.25451680690868,79.22654332769935,33.55449955819838,113.0340320675204
265,166.25388593673713,79.67368474006656,168.54564771652232,492.753779602051,152.4607651710511,604.9932807922366,190.18704566955577,604.1450180053713,177.3685047149659,635.1178161621096,413.0876141861069,89.68307735951376,113.38562742125245,98.14504210274642,113.47504129517074,79.00244920694607,33.52190824599682,112.48426141871194
266,167.30045003891001,84.5636184692383,168.05539779663093,494.4097885131838,152.30283708572395,604.067245101929,189.78986539840707,603.1537277221684,177.41933526992804,634.1617813110355,409.8530239624528,89.89849301716883,110.78336894758928,98.17040479692093,110.89792502844747,78.68272768109294,33.392952358867866,111.736734212467
267,167.71625837846238,86.44297688802082,167.8256210789536,495.0240484064275,152.16667397238996,603.5858757250236,189.61419603752364,602.6828224875712,177.4463113495798,633.7274369673295,408.58858974325886,89.98942550124228,109.68608368896574,98.20773981025943,109.84598317147157,78.53901672279511,33.35499879587888,111.38772058734666
268,168.57919692993164,90.46114238392221,167.30217007723718,496.31723632812486,151.80183084661314,602.4179828990589,189.20907780040392,601.5862837357956,177.49979005293412,632.7049161044034,405.8668365913855,90.18558592092843,107.22886912856308,98.32023938478845,107.53043242542634,78.21837913534762,33.26264570029494,110.60330585990828
269,169.48389797788676,94.82523942427198,166.6935223203716,497.69664843010156,151.31363185535778,600.9765513102211,188.73225354281334,600.2834406072444,177.5526374816894,631.477285674124,402.8879038215311,90.40080694266675,104.42146251061945,98.48317835645348,104.93265896992307,77.85345398676424,33.14836464523634,109.70370782953944
270,170.43036152232773,99.53526800907017,165.99967780835692,499.1622847123576,150.70207699862394,599.2615809585104,188.18372326475196,598.7742931019175,177.60485363584567,630.0445456764913,399.6517914336956,90.63508856645723,101.26386383513488,98.69655672525451,102.05266280496178,77.44424127704498,33.01215563070309,108.68892649624016
271,171.41858756325456,104.59122813831672,165.22063654119304,500.7141451748929,149.96716627641158,597.2730718439269,187.56348696621976,597.058841219815,177.6564385154029,628.4066961115055,396.1584994278792,90.88843079229987,97.75607310210935,98.96037449119153,98.89044393054249,76.99074100618984,32.85401865669519,107.55896186001043
